	index	funder
0	Swiss National Science Foundation	8333
1	European Commission	1336
2	Autre	1303
3	Wellcome Trust	92
4	UK Research and Innovation	90
5	Medical Research Council	80
6	European Research Council	61
7	NIGMS NIH HHS	58
8	French National Research Agency (ANR)	48
9	NHLBI NIH HHS	45
10	NIA NIH HHS	37
11	Fundação para a Ciência e a Tecnologia, I.P.	37
12	FNS	36
13	Cancer Research UK	32
14	National Institutes of Health	28
15	SNSF	26
16	NIDDK NIH HHS	26
17	NICHD NIH HHS	25
18	Deutsche Forschungsgemeinschaft	25
19	Swiss Cancer League	23
20	National Science Foundation	23
21	World Health Organization	21
22	National Health and Medical Research Council (NHMRC)	20
23	NIH HHS	18
24	Biotechnology and Biological Sciences Research Council	18
25	The Francis Crick Institute	18
26	University of Geneva	17
27	Geneva University Hospitals	16
28	NINDS NIH HHS	16
29	Australian Research Council (ARC)	15
30	Academy of Finland	15
31	National Institute for Health Research (NIHR)	15
32	NCI NIH HHS	15
33	NCATS NIH HHS	14
34	Private Foundation of Geneva University Hospitals	13
35	Swiss Cancer Research Foundation	12
36	Howard Hughes Medical Institute	11
37	NIBIB NIH HHS	11
38	Velux foundation	11
39	Swiss Cancer Research	11
40	NIH	11
41	NIMH NIH HHS	10
42	CIHR	10
43	Dutch Research Council (NWO)	9
44	NCRR NIH HHS	8
45	European Molecular Biology Laboratory	8
46	NIAID NIH HHS	8
47	Université de Genève	8
48	Fondation Leenaards	8
49	Fondation Pôle Autisme	7
50	Fondation Ernst et Lucie Schmidheiny	7
51	ZonMw	7
52	Agence Nationale de la Recherche	7
53	National Institute of General Medical Sciences	7
54	National Natural Science Foundation of China	7
55	European Molecular Biology Organization	7
56	Bill and Melinda Gates Foundation	7
57	Israel Science Foundation	6
58	Human Frontier Science Program	6
59	German Research Foundation	6
60	Pfizer	6
61	Versus Arthritis	6
62	Hôpitaux Universitaires de Genève	6
63	NHGRI NIH HHS	6
64	Swiss HIV Cohort Study	6
65	Austrian Science Fund FWF	6
66	Private Foundation of the Geneva University Hospitals	5
67	NIDA NIH HHS	5
68	Swiss Heart Foundation	5
69	NIAMS NIH HHS	5
70	Federal Office of Public Health	5
71	Bill & Melinda Gates Foundation	5
72	Innosuisse	5
73	Francis Crick Institute	5
74	Fonds National Suisse	5
75	Leenaards Foundation	5
76	Horizon 2020	4
77	Canadian Institutes of Health Research	4
78	Science Foundation Ireland	4
79	German Research Foundation (DFG)	4
80	China Scholarship Council	4
81	Italian Ministry of Health	4
82	Fondation privée des HUG	4
83	Novartis StiftungÂ fÃ¼rÂ Medizinisch-Biologische Forschung	4
84	AbbVie	4
85	Novartis Foundation	4
86	Agence nationale de la recherche	4
87	Swiss Federal Office of Energy	4
88	Max-Planck-Gesellschaft	4
89	Schmidheiny foundation	4
90	Engineering and Physical Sciences Research Council	4
91	Fonds national suisse (FNS)	4
92	Velux Stiftung	4
93	Bundesministerium fÃ¼r Bildung und Forschung	4
94	Fondation Privée des HUG	4
95	Department of Health	4
96	Novo Nordisk Fonden	4
97	Novartis	4
98	Office of Naval Research	4
99	State of Geneva	4
100	Eunice Kennedy Shriver National Institute of Child Health and Human Development	4
101	Geneva Cancer League	4
102	British Heart Foundation	4
103	Velux Foundation	3
104	University Hospital of Geneva	3
105	Swiss Centre for Applied Human Toxicology	3
106	Intramural NIH HHS	3
107	Gottfried und Julia Bangerter-Rhyner-Stiftung	3
108	Swiss National Foundation	3
109	FNRS	3
110	Louis-Jeantet Foundation	3
111	SystemsX.ch	3
112	Republic and Canton of Geneva	3
113	Bernard Wolfe Health Neuroscience Fund	3
114	Agence Nationale de la Recherche (French National Research Agency)	3
115	ZonMw programme Evidence-based Medicine in Old age	3
116	Innovative Medicines Initiative	3
117	GE Healthcare	3
118	Spanish Ministry of Science and Innovation, ISCIII	3
119	VINNOVA	3
120	Swiss National Research Foundation	3
121	Economic and Social Research Council	3
122	National Key Research and Development Program of China	3
123	Spanish Ministry of Economy and Competitiveness	3
124	Swiss National Science Foundation (SNSF)	3
125	Fondation Privée des Hôpitaux Universitaires de Genève	3
126	Czech Science Foundation	3
127	Max Planck Society	3
128	National Cancer Institute	3
129	Ligue Genevoise contre le cancer	3
130	SNF	3
131	Damon Runyon Cancer Research Foundation	3
132	Agencia Nacional de Promoción de la Investigación, el Desarollo Tecnológico y la Innovación of Argentina	3
133	Federal Ministry of Education and Research	3
134	Royal Society	3
135	Schweizerische Herzstiftung	3
136	Alzheimer's Association	3
137	SHCS Research Foundation	3
138	Claraz Foundation	2
139	Canada Research Chairs	2
140	UniversitÃ© de GenÃ¨ve	2
141	DOE	2
142	Generalitat de Catalunya	2
143	Schweizerische Multiple Sklerose Gesellschaft	2
144	ETH Zurich	2
145	Bertarelli Foundation	2
146	EPFL	2
147	Swedish Research Council	2
148	National Key R&D Program of China	2
149	Susan G Komen Foundation	2
150	U.S. Department of Health &amp; Human Services | NIH | National Institute of General Medical Sciences	2
151	Medical Direction of University Hospitals of Geneva	2
152	Fonds national de la recherche scientifique	2
153	Canton of Geneva and the Service Industriels de Genève	2
154	Austrian Academy of Sciences	2
155	Fonds National Suisse de la recherche scientifique	2
156	University of Lausanne	2
157	The Netherlands Organisation for Health Research and Development	2
158	Italian Ministry of Education, University and Research 	2
159	European Academy of Dermatology and Venereology	2
160	Research Foundation Flanders	2
161	Aetas foundation	2
162	NEI NIH HHS	2
163	Leona M. and Harry B. Helmsley Charitable Trust	2
164	Spanish Ministry of Science and Innovation	2
165	Schweizerisch-Liechtensteinische Stiftung für archäologische Forschungen im Ausland (SLSA)	2
166	Australian Research Council	2
167	Foundation of the Geneva University Hospital	2
168	National Institutes of Health Office of Research Infrastructure Programs	2
169	U.S. Department of Health &amp; Human Services | NIH | Eunice Kennedy Shriver National Institute of Child Health and Human Development	2
170	Shota Rustaveli National Science Foundation	2
171	Krebsliga Schweiz	2
172	Janssen Research and Development	2
173	National Heart, Lung, and Blood Institute	2
174	Swiss Cancer Research foundation	2
175	HHMI	2
176	Canton of Geneva	2
177	Centers for Disease Control and Prevention	2
178	Research Fund Haematology Cantonal Hospital Lucerne	2
179	BLRD VA	2
180	Ligue Genevoise Contre le Cancer	2
181	Israel Science Foundation (ISF)	2
182	Natural Sciences and Engineering Research Council of Canada	2
183	Minderoo Foundation	2
184	ANR	2
185	American Cancer Society	2
186	Memorabel grants from Deltaplan Dementie	2
187	EMBO	2
188	Ligue Pulmonaire Genevoise	2
189	Natural Environment Research Council	2
190	Russian Science Foundation	2
191	National Council for Science and Technological Development	2
192	Repubblica e Cantone Ticino	2
193	NIDCR NIH HHS	2
194	Ligue Pulmonaire Suisse	2
195	Netherlands Organisation for Health Research and Development	2
196	Academy of Medical Sciences	2
197	Tehran University of Medical Sciences	2
198	System of Incentives for the Production of Scientific and Technological Knowledge in the Auton-omous Region of Madeira-PROCiÃªncia 2020	2
199	Ministry of Science, Education and Sports of the Republic of Croatia (MSES)	2
200	Ministry of Education, Science and Technological Development of Republic of Serbia	2
201	Canadian Network for Research and Innovation in Machining Technology, Natural Sciences and Engineering Research Council of Canada	2
202	Ernst and Lucy Schmidheiny Foundation	2
203	European Federation of Pharmaceutical Industries and Associations	2
204	Institut National du Cancer	2
205	US National Cancer Institute	2
206	VELUX Foundation	2
207	NIHR Cambridge Biomedical Research Centre	2
208	Fondation Francis & Marie-France Minkoff	2
209	KTI	2
210	Japan Science and Technology Corporation	2
211	ViiV Healthcare	2
212	Ernst and Lucie Schmidheiny Foundation	2
213	Swiss Cancer Research Foundation and the Swiss Cancer League	2
214	Rossy Family Foundation	2
215	Alzheimer's Society	2
216	National Institute for Health Research Cambridge Biomedical Research Centre	2
217	EMBL	2
218	Qatar national research fund	2
219	Fondation Ancrage Bienfaisance du Groupe Pictet	2
220	Schmidheiny Foundation	2
221	Fondation Pole Autisme	2
222	Narodowe Centrum Nauki	2
223	Multiple Sclerosis Society	2
224	GE healthcare	2
225	Fonds National de la Recherche Luxembourg	2
226	Canadian Institute of Health Research (CIHR) 	2
227	Coordenação de Aperfeiçoamento de Pessoal de Nível Superior	2
228	Swiss National Centre of Competence in Research LIVES - Overcoming vulnerability: life course perspectives, which is funded by the Swiss National Science Foundation	2
229	AIRC	2
230	Japan Science and Technology Agency	2
231	Volkswagen Foundation	2
232	Bial Foundation	2
233	The Schmidheiny Foundation	2
234	Gilead Sciences	2
235	National Institute of Health	2
236	LARSyS-Portuguese national funding agency for science, research, and technology (FCT) pluri-annual funding 2020-2023	2
237	SWISS NATIONAL SCIENCE FOUNDATION	2
238	Stichting voor Fundamenteel Onderzoek der Materie	2
239	Gordon and Betty Moore Foundation	2
240	Government of Spain	2
241	Polish Swiss Research Programme	2
242	Long Term EMBO Fellowships	2
243	Hungarian National Research	2
244	Netherlands Organisation for Scientific Research (NWO)	2
245	German Federal Ministry of Education and Research	2
246	National Human Genome Research Institute	2
247	NINR NIH HHS	2
248	Children with Cancer UK	2
249	Square Point Capital	1
250	SHCS research foundation and the Swiss Federal Office for Public Health	1
251	Herchel-Smith Fund	1
252	Ferring SA	1
253	Flanders Research Foundation	1
254	Spanish ministre of science and innovation	1
255	European Cooperation in Science and Technology (COST)	1
256	Georg Waechter Memorial Foundation	1
257	Association Frédéric Fellay	1
258	Clinical Research Centre, Geneva University Hospitals	1
259	UK Aid from the UK Government	1
260	Université de Fribourg	1
261	Medical Directorate of Geneva University Hospitals	1
262	Royal Swedish Academy of Sciences	1
263	National Institute of Child Health and Human Development	1
264	Ministerio de Ciencia, InnovaciÃ³n y Universidades	1
265	Junta de AndalucÃ­a	1
266	CellFusion	1
267	Deutsche Forschungsgemeinschaft (German Research Foundation)	1
268	Estonian Research Council	1
269	Fonds de développement de la Direction des soins HUG	1
270	French Ministry of Health	1
271	Schlumberger Faculty for the Future	1
272	Carigest Foundation	1
273	Washington Research Foundation	1
274	Service de la promotion de l'économie et de l'innovation (SPEI) - Canton Vaud	1
275	Michael J. Fox Foundation for Parkinson&apos;s Research	1
276	Active and Assisted Living programme	1
277	The National Health and Medical Research Council	1
278	Tawani Foundation	1
279	Science and Engineering Research Board	1
280	Instituto de Salud Carlos III	1
281	Sir Jules Thorn Charitable Trust	1
282	BMBF 01EO1003	1
283	Institut National de la Santé Et de la Recherche Médicale (INSERM)	1
284	Deutsche Forschungsgemeinschaft (DFG)	1
285	NCCR Chemical Biology	1
286	Dutch Ministry of Foreign Affairs	1
287	Immanuel Kant Baltic Federal	1
288	Bundesministerium f?r Bildung und Forschung	1
289	French Ministry of Health PHRC Program	1
290	Dioraphte Foundation	1
291	Merck Sharp and Dohme	1
292	European Regional Development Fund	1
293	Ecole Polytechnique Fédérale de Lausanne	1
294	Research Grant Foundation for Scientific Research at the UZH	1
295	Institut de Recherches Servier	1
296	NordForsk	1
297	Fondation de l'Avenir	1
298	Centre for Early Sapience Behaviour	1
299	Swiss National Supercomputing Centre	1
300	Agenzia Italiana del Farmaco, Ministero della Salute	1
301	Novartis StiftungÂ fÃ¼rÂ Medizinisch-Biologische Forschung (Novartis Foundation for Medical-Biological Research)	1
302	APIS-GENE	1
303	Swiss National Science Foundation 	1
304	01EO1503	1
305	La Ligue Contre le Cancer	1
306	Bourse d'excellence de la confédération	1
307	Canton of Zurich	1
308	Technology Agency of the Czech Republic	1
309	Italian Minister of Health	1
310	French ministry of health	1
311	Groupement Romand de la Société Suisse de Gynécologie	1
312	FundaciÃ³n EspaÃ±ola para la Ciencia y la TecnologÃ­a (Spanish Foundation for Science and Technology)	1
313	Dutch Ministry of Health and Welfare	1
314	Ministry of Science and Higher Education of the Russian Federation	1
315	Fondation pour l’Innovation sur le Cancer et la Biologie	1
316	Schweizerische Akademie der Medizinischen Wissenschaften	1
317	European 7th Framework 	1
318	Aston	1
319	 Santa Casa da Misericordia de Lisboa, Portugal	1
320	Centre National de la Recherche Scientifique	1
321	French National Research Agency	1
322	Victorian Government’s Operational Infrastructure Support Program	1
323	Amgen GmbH (Vienna, Austria)	1
324	KrÃ¦ftens BekÃ¦mpelse	1
325	Hungarian Science Foundation	1
326	German Ministry of Research	1
327	the Netherlands Organisation for Health Research and Development	1
328	Novo Nordisk Foundation Center for Protein Research	1
329	Walnuts and Healthy Aging	1
330	Fondation Gustave & Simone Prévot	1
331	Strauss Foundation	1
332	Kurt und Senta Herrmann Stiftung	1
333	National Bioscience Database Center	1
334	Jacobs Family Foundation	1
335	European commission	1
336	Swiss University Hospitals, two Cantonal Hospitals	1
337	the Swiss National Centre of Competence in Research LIVES, Overcoming Vulnerability: Life Course Perspectives, Swiss National Science Foundation	1
338	Jacobs Foundation and Federal Office of public health	1
339	Wolfson Foundation	1
340	National Health and Medical Research Council	1
341	Vienna Science and Technology Fund	1
342	Graduate School of Quantitative Biosciences Munich	1
343	SNRF	1
344	ETH Zürich	1
345	Personal Health and Related Technologies	1
346	Oncology Nursing Foundation	1
347	Stichting Retina Nederland Fonds	1
348	Fondation Centre de Recherches Médicales Carlos et Elsie de Reuter	1
349	Vifor	1
350	Programme Hospitalier de Recherche Clinique	1
351	Fondazione CON IL SUD	1
352	NCCR	1
353	Swiss Government Excellence Scholarship	1
354	Beijing Hospital Clinical Research 121 Project	1
355	NCCR RNA &amp; Disease	1
356	Ministerio de Ciencia, Innovación y Universidades	1
357	National Health Medical Research Council, Australia	1
358	Alzheimers Research UK	1
359	Daiichi-Sankyo	1
360	CERCA Programme/Generalitat de Catalunya	1
361	001	1
362	National Institutes of Health Roadmap for Medical Research	1
363	US National Science Foundation	1
364	Promedica Foundation	1
365	Leenards Foundation	1
366	Projet de Recherche et développement (PRD) from the University hospital of Geneva	1
367	Fondation Francis et Marie-France Minkoff	1
368	French-Swiss: ANR-SNF CHeRCHA project	1
369	Fondation De Reuter	1
370	Croatian Science Foundation (CSF)	1
371	Private Foundation of the University Hospitals of Geneva	1
372	Swiss National Centre of Competence in Research Kidney Control of Homeostasis	1
373	BC Cancer Foundation (Vancouver)	1
374	Bayer	1
375	Danish National Research Foundation	1
376	Max Planck Institute for Human Development	1
377	Swiss Innovation Agency (Innosuisse)	1
378	Internal Medicine Department of Geneva Hospitals	1
379	Juvenile Diabetes Research Foundation	1
380	Higher Education Commission, Pakistan, NRPU	1
381	postdoctoral mandate (PDM) type 1 of KU Leuven	1
382	the Foundation Fighting Blindness, USA	1
383	Labex	1
384	Swiss National Science Foundation Grants	1
385	NIHR	1
386	Ministerio de Ciencia e InnovaciÃ³n	1
387	FIND	1
388	ATIP-Avenir	1
389	the Leenaards Foundation	1
390	FundaÃ§Ã£o para a CiÃªncia e a Tecnologia	1
391	Whitehead Faculty Scholar Award	1
392	Fondation Velux	1
393	Ludwig-Maximilians-UniversitÃ¤t MÃ¼nchen	1
394	Fondation Privée des Hôpitaux Universitaires de Genève (HUG) 	1
395	The Sir Julius Thorn Trust Foundation	1
396	West African Health Organization (WAHO)	1
397	Rannís Icelandic Research Fund (IRF)	1
398	the Murdoch Children’s Research Institute	1
399	OTKA	1
400	EMBARK JPIAMR	1
401	the Tistou &amp; Charlotte Kerstan Stiftung	1
402	Solidarité Internationale (Canton of Geneva)	1
403	Swiss Centre for Applied Human Toxicology (SCAHT)	1
404	Bundesamt fÃ¼r Gesundheit	1
405	University of Bristol	1
406	National Geographic Society	1
407	Global Fund to Fight AIDS, Tuberculosis and Malaria	1
408	Swedish State Support for Clinical Research	1
409	DBT/Wellcome Trust India Alliance	1
410	Norwegian Research Council	1
411	Swiss HIV Cohort Research Foundation	1
412	European Union through the European Regional Development Fund	1
413	Instituto Federal de EducaÃ§Ã£o, CiÃªncia e Tecnologia do EspÃ­rito Santo	1
414	National Institute of Allergy and Infectious Diseases of the National Institutes of Health	1
415	Silicon Valley Community Foundation	1
416	e China Scholarship Council 	1
417	TKI-HTSM	1
418	US Centers for Disease Control and Prevention	1
419	Polish Ministry of Science and Higher Education	1
420	Natural Sciences and Engineering Research Council of Canada (NSERC) 	1
421	Alzheimer Suisse	1
422	Renewable Energy Systems Group at the University of Geneva	1
423	Swiss Federal Office for Public Health	1
424	Institut Benjamin Delessert and the Fondation pour la Recherche Médicale	1
425	The Georges and Antoine Claraz Foundation The Ernst and Lucie Schmidheiny SociÃ©tÃ© AcadÃ©mique de GenÃ¨ve	1
426	Australian Research Data Commons	1
427	Dr. Henri Dubois-Ferrière Dinu Lipatti	1
428	KAIST (Korea Advanced Institute of Science and Technology)	1
429	Fondation Maladies Rares	1
430	FIC NIH HHS	1
431	CHU Charleroi	1
432	Botnar Research Centre for Child Health, Switzerland	1
433	NIDCD NIH HHS	1
434	Pictet Charitable Foundation	1
435	Canton de Genève	1
436	Plan nacional de I+D+i 2013-2016 and Instituto de Salud Carlos III (ISCIII), Subdirección General de Redes y Centros de Investigacion Cooperativa, Ministerio de Ciencia, Innovacion y Universidades	1
437	MUI Start	1
438	Bristol Myers Squibb and Pfizer	1
439	National Council for Science and Technological Development (Brazil)	1
440	Firmenich SA	1
441	FIND (the global alliance for diagnostics)	1
442	Rainer-Hoenig foundation	1
443	Johnson & Johnson and Bayer	1
444	Anita and Werner Damm-Etienne Foundation	1
445	Aetas Foundation	1
446	FORMAS	1
447	NTNU Norwegian University of Science and Technology	1
448	Earlham Institute (Funder)	1
449	National Association for Public Health	1
450	the Swiss Cancer Research Foundation	1
451	Department of Health Science, University of Milan	1
452	Association pour la Recherche sur le Cancer	1
453	Swiss Agency for Development and Cooperation	1
454	Ministry of Education, University and Research in Italy	1
455	PHRCN-16-0580	1
456	Joint United Nations Programme on AIDS (UNAIDS)	1
457	Fondation privée des HUG, Geneva, Switzerland.	1
458	Swiss-Lithuanian cooperation program	1
459	Santos-Suarez Foundation for Medical Research	1
460	National Office for Philosophy and Social Sciences	1
461	Merck and Sharp and Dohme	1
462	Aix-Marseille Université (AMU), Institut de Recherche en Santé Publique (IRESP) and Alliance Avisant	1
463	The Sir Jules Thorn Charitable Trust	1
464	Roche Diagnostics GmbH	1
465	Interdisciplinary Center for Clinical Research, Münster	1
466	Hermesfonds for ELIXIR Belgium	1
467	FORCE Fondation	1
468	Academy of Nutrition and Dietetics in the United States	1
469	Université Paris-Saclay	1
470	Deutsche Krebshilfe	1
471	Ministry of Research and Universities of the Government of Catalonia	1
472	Swiss National Science Foundation and the Swiss Development Cooperation	1
473	Merck	1
474	Alexion Pharmaceutical	1
475	Swiss National Science Fondation	1
476	Fondation Privé HUG	1
477	UCB Pharma	1
478	Italian Ministry of University (MUR)	1
479	JST PRESTO	1
480	Telethon	1
481	Jacobs Foundation	1
482	Pfizer (France)	1
483	SystemsX	1
484	KU Leuven Biomedical Science group: Fund for Translational Biomedical Research 2019	1
485	European Union	1
486	Caenorhabditis Genetics Center	1
487	16 SOS-Spielsucht-Cantons, Health Promotion Switzerland	1
488	Ministry of University and Research and European Union	1
489	National institute for Cancer, France	1
490	Horizon 2020 Framework Programme	1
491	Alexander von Humboldt-Stiftung	1
492	Research Foundation—Flanders	1
493	Labex LaScArBx-ANR	1
494	Federal office of Public Health	1
495	Singapore University of Technology and Design	1
496	Chulalongkorn University and Ratchadapiseksompotch Fund, Faculty of Medicine, Chulalongkorn University	1
497	National Council for Scientific and Technological Development	1
498	EVIR Therapeutics	1
499	Canadian Institutes of Health Research,Canada	1
500	European Research Council (ERC)	1
501	Research Foundation — Flanders	1
502	none	1
503	Swiss National Centre of Competence in Research LIVESâOvercoming vulnerability	1
504	Fondation Privée des Hôpitaux Universitaires de Genève (https://www.fondationhug.org)	1
505	Fundação para a Ciência e Tecnologia	1
506	European Reference Network for Rare Neurological Diseases	1
507	EMDO Stiftung	1
508	Chulalongkorn University	1
509	Fondation pour la recherche en chirurgie thoracique et vasculaire	1
510	Switzerland FAPESP	1
511	the Levi-Montalcini program	1
512	Bayerische Akademie der Wissenschaften	1
513	PASC	1
514	Université Grenoble Alpes	1
515	Diabetes Foundation to the International Insulin Foundation	1
516	Ernst & Lucie Schmidheiny Foundation	1
517	Nestlé Health Science, Switzerland	1
518	China Postdoctoral Science Foundation	1
519	Vifor Pharma	1
520	Anhui Natural Science Foundation	1
521	Fondazione Telethon	1
522	H2020 European Research Council	1
523	Foundation for the fight against cancer and for biomedical research	1
524	Fondation Recherche MÃ©dicale	1
525	Swiss National Science Foiundation	1
526	Erasmus Placement 2021 from University of Turin	1
527	Italian Ministry of University and Research	1
528	University of Ferrara 	1
529	Oncosuisse	1
530	Swiss Heart Foundation 	1
531	Alliance Campus Rhodanien	1
532	Deutsche Kinderkrebsstiftung	1
533	Région Grand Est 	1
534	AIDA	1
535	NLM NIH HHS	1
536	Sir Jules Thorn Charitable Trust.	1
537	Santé Publique France (French Agency for Public Health)	1
538	ERC COG	1
539	Kavli Institute at Cornell	1
540	National Research Science	1
541	Fundación Ramón Areces	1
542	GEOTHERMICA Era-NET	1
543	The Santos-Suarez Foundation	1
544	Medical Student Research Program at the University of Oslo	1
545	Swiss Foundation for Ageing Research (AETAS)	1
546	Baden-Wuerttemberg Ministry of Science, Research and Art and the University of Freiburg	1
547	Dutch Research Council	1
548	Schweizerischer Nationalfonds zur Forderung der Wissenschaftlichen Forschung	1
549	DFG, German Research Foundation	1
550	Natural Science Foundation of Shanghai	1
551	FWO grant	1
552	Agencia Nacional de Promoción de la Investigación, el Desarrollo Tecnológico y la Innovación	1
553	The Leenaards Foundation	1
554	Agence Nationale de la Recherche (ANR)	1
555	US DOE	1
556	Amt der Tiroler Landesregierung	1
557	The Dunhill Medical Trust	1
558	Fonds nationnal suisse de la Recherche scientifique	1
559	Amgen	1
560	KO 1939/3-1	1
561	Swiss Federal Office of Public Health	1
562	Leenaards foundation	1
563	Swiss Personalized Health Network – SPHN	1
564	Institut Clayton pour la Recherche	1
565	University of West Bohemia	1
566	Geneva University Hospitals (HUG) Private Foundation for Research	1
567	MRC Clinician Scientist Fellowship	1
568	European Bioinformatics Institute	1
569	Public Health England	1
570	ExxonMobil Foundation	1
571	ETH Domain	1
572	National Health and Facility Planning Commission of the People's Republic of China	1
573	HUG University Hospital of Geneva	1
574	International Max Planck Research School of Marine Microbiology	1
575	Swiss National Centre of Competence in Research LIVES-Overcoming vulnerability: life course perspectives, which is funded by the Swiss National Science Foundation	1
576	Foundation Gertrude Von Meissner	1
577	Yvonne Jacob Foundation	1
578	ELIXIR	1
579	ESPGHAN	1
580	Forschungskredit of the University of Zurich	1
581	Pew Charitable Trusts	1
582	National Research Foundation of Korea (NRF)	1
583	Movember Foundation	1
584	Boehringer Ingelheim	1
585	Vasco Sanz fund	1
586	Fond National Suisse de la Recherche Scientifique (FNS)	1
587	Foundation Bärgüf	1
588	Juvenile Diabetes Research Foundation (JDRF)	1
589	Medical Research Foundation	1
590	Instituto de Investigación Sanitaria Aragón and Carlos III National Institute of Health	1
591	System of Incentives for the Production of Scientific and Technological Knowledge in the Autonomous Region of Madeira-PROCiÃªncia 2020	1
592	NatiNational Health Medical Research Council, Australia	1
593	Ligue pulmonaire genevoise	1
594	Swiss National Science Foundation and the Swiss Development Cooperation under the Swiss Program for Research on Global Issues for Development	1
595	Geneva University Hospitals’ Private Foundation	1
596	Stanley Medical Research Institute	1
597	Lawrence Livermore National Laboratory	1
598	Initiative dâExcellence dâAix-Marseille UniversitÃ©	1
599	International Psychoanalytical Association	1
600	Unitec office of the University of Geneva	1
601	LARSyS-Portuguese national funding agency for science, research and technology (FCT) pluriannual funding 2020-2023	1
602	Russian Foundation for Basic Research	1
603	Unimedsuisse	1
604	Swissuniversities	1
605	Mendez National Institute of Transplantation Foundation (MNITF)	1
606	Australian Institute of Nuclear Science and Engineering	1
607	Gavi, the Vaccine Alliance	1
608	Alzheimer Drug Discovery Foundation (ADDF)	1
609	ViiV Healthcare LLC	1
610	Palacký University, Olomouc	1
611	University College London	1
612	Rigshospitalet	1
613	Swiss National Centre of Competence in Research LIVES - Overcoming vulnerability: life course perspectives	1
614	National Institute for Medical Research Development of Iran (NIMAD)	1
615	Regione Toscana	1
616	CSRD VA	1
617	National Institute on Drug Abuse	1
618	B.Braun Stiftung	1
619	American Academy of Neurology	1
620	W. Garfield Weston Foundation	1
621	FundaciÃ³ Privada Cellex	1
622	Fondation ARC pour la Recherche sur le Cancer	1
623	European Molecular Biology Organization (EMBO)	1
624	University of Strasbourg	1
625	Medical Research Council of Cognition and Brain Sciences Unit, Cambridge	1
626	EU Joint Programme - Neurodegenerative Disease Research	1
627	AstraZeneca	1
628	U.S. Department of Energy	1
629	Private Foundation HUG	1
630	CDC HHS	1
631	Actelion Pharmaceuticals Ltd	1
632	EU graphene flagship project	1
633	National Institutes of Health (NIH) National Institute of Allergies and Infectious Diseases (NIAID)	1
634	Fondazione Umberto Veronesi	1
635	Kaiser Permanente Community Benefit Programs	1
636	European Academy of Allergy and Clinical Immunology	1
637	Swiss Tobacco Prevention Funds, Federal Office of Public Health	1
638	Fondation pour la lutte contre le cancer	1
639	Japan Society for the Promotion of Science	1
640	MRC	1
641	Postgraduate Research and Practice Innovation Program of Jiangsu Province	1
642	Edmond J SAFRA foundation for clinical research in internal medicine 	1
643	General Secretariat for Research and Technology	1
644	Amgen and Sanofi	1
645	Programme Hospitalier de Recherche Clinique National (PHRC-N)	1
646	SGAIM Foundation (Foundation of the Swiss Society of General Internal Medicine)	1
647	Spanish Ministry of Science Innovation and Universities	1
648	Maurice Chalumeau Centre for Sexual Sciences of the University of Geneva	1
649	U.S. Department of Health &amp; Human Services | NIH | National Center for Complementary and Integrative Health	1
650	Universität Zürich	1
651	Fondation Aclon	1
652	Government of Canada	1
653	Gebert Rüf Stiftung (Basel, Switzerland)	1
654	ISIS	1
655	Geneva Academic Society 	1
656	Georges &amp; Antoine Claraz Foundation	1
657	European Union Seventh Framework Program	1
658	Spanish National Health System	1
659	Alzheimer's Research UK	1
660	Service Industriels de Genéve (SIG)	1
661	Swiss Personalized Health Network (SPHN)	1
662	Swiss National  Science Foundation	1
663	National Centres of Competence in Research	1
664	Département de l'Instruction Publique of the State of Geneva	1
665	Department of Nutrition for Health and Development, World Health Organization	1
666	 Swiss Institute for Experimental Cancer Research—ISREC Foundation	1
667	Parkinson&apos;s Foundation	1
668	Swiss Confederation	1
669	Amgen Inc	1
670	Fondation des Grangettes	1
671	FEBS	1
672	Zurich Heart House-Foundation of Cardiovascular Research	1
673	ELIXIR CZ Research Infrastructure Project	1
674	Schweizerischer Nationalfonds zur Förderung der Wissenschaftlichen Forschung	1
675	Society of Economic Geologists Foundation	1
676	Robert Wood Johnson Foundation, 2010 Nurse Faculty Scholars Award	1
677	MRC-LMCB	1
678	Foundation of Medical Researchers	1
679	The Cancer Council of Western Australia	1
680	Fonds NutsOhra, the Netherlands	1
681	ciFRC Strasbourg	1
682	SwissTransmed CRUS	1
683	Technological Research Council of Turkey (TÜBİTAK)	1
684	Schweizerisch-Liechtensteinische Stiftung fÃ¼r archÃ¤ologische Forschungen im Ausland	1
685	Plan Nacional	1
686	NICHD	1
687	Ministry of University and Research (MUR)	1
688	Novartis foundation	1
689	Vallee Foundation	1
690	Pancreatic Cancer UK	1
691	Ministry of Education - Singapore	1
692	Natural Sciences and Engineering Research Council of Canada (NSERC)	1
693	Beijing Municipal Science and Technology Commission	1
694	Consejo Nacional de Ciencia y Tecnología	1
695	Inovation Fund Denmark	1
696	Fondation Centre de Recherches MÃ©dicales Carlos et Elsie de Reuter	1
697	NIH Big Data to Knowledge (BD2K) program	1
698	Shipley Foundation	1
699	Medtronic	1
700	Unitatea Executiva pentru Finantarea Invatamantului Superior, a Cercetarii, Dezvoltarii si Inovarii	1
701	Ministero della Salute	1
702	United States Department of Agriculture | National Institute of Food and Agriculture	1
703	UK Medical Research Council	1
704	Novartis Foundation 	1
705	Foundation for the Advancement in Medical Microbiology and Infectious Diseases	1
706	Bayerisches Staatsministerium fÃ¼r Wissenschaft, Forschung und Kunst	1
707	National Vaccine Institute (NVI)	1
708	Centre Maurice Chalumeau en sciences des sexualités	1
709	Swiss Personalised Health Network	1
710	Geneva University Hospitals Fund	1
711	IdEx Bordeaux / CNRS	1
712	Institut Pasteur	1
713	Parkinson's Foundation	1
714	National Institute for Health Research	1
715	Hartmann Mueller Foundation	1
716	Geneva University Hospitals (HUG)	1
717	Herbette Foundation	1
718	Office of Science of the U.S. Department of Energy	1
719	Stiftung Institut für klinische Epidemiologie	1
720	European Society of Cardiology	1
721	Shahid Beheshti University of Medical Sciences	1
722	French national biomedical research	1
723	Marie Skladowska Curie Post-Doctoral Fellowship	1
724	Wayne and Gladys Valley Foundation	1
725	Private Foundation of the HUG	1
726	Schweizerischer Nationalfonds zur Förderung der Wissenschaftlichen Forschung (SNF)	1
727	Union des Sociétés Suisses des Maladies Vasculaires	1
728	Danish National Committee for Research Infrastructure (NUFI) through the ESS Lighthouse Q-MAT.	1
729	Stichting MS Research (NL)	1
730	Division of Anaesthesiology, Ospedale Regionale di Lugano, Lugano, Switzerland	1
731	Sumitomo Foundation	1
732	European Social Fund 	1
733	the Pro Visu Foundation	1
734	University of Hawaii Materials Science Consortium for Research and Education	1
735	OAK foundation	1
736	KU Leuven grant	1
737	N.I.H.	1
738	swiss institute of bioinformatics	1
739	Innosuisse—Swiss Innovation Agency (Bern, Switzerland)	1
740	Center for Emerging Viral Diseases	1
741	European Alliance of Associations for Rheumatology	1
742	University of Zurich Foundation	1
743	Freie UniversitÃ¤t Berlin	1
744	UNIGE - UZH Joint Seed Funding 2020	1
745	Humanitarian Affair Commission of the Geneva University Hospitals	1
746	Boehringer Ingelheim Fonds	1
747	United States Department of Agriculture | Agricultural Research Service	1
748	Università degli Stu	1
749	Fonds der Chemischen Industrie	1
750	176115	1
751	Swiss Personalized Health Network	1
752	UNDP/UNFPA/UNICEF/WHO/World Bank Special Programme of Research, Development and Research Training in Human Reproduction	1
753	The School of Social Science, The University of Queensland	1
754	Institute of Genetics and Genomics of Geneva	1
755	Foundation Ernst et Lucie Schmidheiny	1
756	Styrgruppen KI/SLL för odontologisk forskning (SOF)	1
757	Fondation Botnar	1
758	Stavros Niarchos Foundation	1
759	Israeli Insurance Association research fund	1
760	STHER Switzerland Partnership 383 Project Grant	1
761	Royal Children's Hospital Foundation	1
762	Swiss National Fund for research	1
763	European Foundation for the Study of Diabetes (EFSD)	1
764	EMBL International PhD Programme	1
765	Merck Sharp & Dohme	1
766	Helmholtz Future topic Inflammation and Immunology	1
767	Harvard Medical School	1
768	Australian Government Research Training Program (RTP) Scholarship	1
769	De Reuter Foundation	1
770	Innovation in Stem Cell Science Award	1
771	European FP7 Project GENICA	1
772	Fondation Bettencourt Schueller	1
773	HHS | NIH | NIDA | National Drug Abuse Treatment Clinical Trials Network	1
774	Kirsten and Freddy Johansen's Foundation	1
775	FundaciÃ³n Alfonso MartÃ­n Escudero	1
776	Canadian Institutes for Health Research	1
777	Swedish Research Counci	1
778	European Cooperation in Science and Technology	1
779	EASL	1
780	University of Geneva (Switzerland)	1
781	Leducq Foundation	1
782	Wetenschappelijk Fonds Willy Gepts of the UZ Brussel	1
783	Association Suisse pour la Recherche sur Alzheimer	1
784	Department of Biotechnology , Ministry of Science and Technology	1
785	FWOOPR2018005701	1
786	French National Research Agency - ANR	1
787	Society for General Microbiology	1
788	March of Dimes Foundation	1
789	Akademie der Naturwissenschaften	1
790	Bundesministerium fuÌr Bildung und Forschung	1
791	Agence National de la Recherche	1
792	International Committee of the Red Cross	1
793	Clinton Health Access Initiative	1
794	MCIN/AEI/10.13039/501100011033	1
795	Ministry of Research, Innovation and Digitization, CNCS - UEFISCDI	1
796	Chinese Ministry of Science and Technology	1
797	National Institute of Biomedical Imaging and Bioengineering	1
798	MINEICO	1
799	Leenaards	1
800	Shanghai Municipal Science and Technology	1
801	Velux Fonden	1
802	Swiss University Hospitals	1
803	US DOE Office of Energy Efficiency and Renewable Energy	1
804	Geneva University Hospitals Overseas	1
805	Dubois-Ferrière-Dinu-Lipatti Foundation	1
806	The AgroEcoHealth Platform, International Institute of Tropical Agriculture	1
807	Private Foundation of the University Hospital of Geneva 	1
808	Fondation Bertarelli	1
809	Associazione Italiana per la Ricerca sul Cancro	1
810	FondNational Suisse	1
811	National Vaccine Institute	1
812	Giorgi-Cavaglieri foundation	1
813	Georges & Antoine Claraz Foundation	1
814	School of Environment DRDF	1
815	UWA Postgraduate Scholarships	1
816	Ministry of Education, Youth and Sports of the Czech Republic	1
817	Mercier Foundation	1
818	Swiss Academy of Medical Sciences	1
819	Fondazione Cariplo	1
820	Regione Autonoma della Sardegna	1
821	SNSF Advanced Grant	1
822	University of Warwick	1
823	CRUK Programme	1
824	CANSEARCH Foundation	1
825	Gobierno de Espana, MICIU/AEI	1
826	Foundation Auris	1
827	Eurostars program of the European commission	1
828	Fonds national suisse	1
829	Ragnar Söderberg Foundation, Wallenberg Academy Fellowship	1
830	National Health and Medical Research Council of Australia	1
831	European Union Horizon 2020	1
832	FROMO Foundation	1
833	Schering-Plough	1
834	Fondation pour la recherche hematologique, Geneva	1
835	EPSRC	1
836	Innosuisse - Schweizerische Agentur fÃ¼r InnovationsfÃ¶rderung	1
837	FNS, Division 1	1
838	Scientific Research Flanders	1
839	University of Basel	1
840	SNSF 	1
841	Imperial College London	1
842	The Netherlands Genomic Initiative	1
843	HUG Private Foundation	1
844	Caritas Switzerland	1
845	Fondation Franklinia	1
846	NIHR Rare Diseases Translational Research Collaboration	1
847	 Ministry of University and Research (MUR), National Recovery and Resilience Plan (NRRP)	1
848	Edmond J. SAFRA Foundation for clinical research in internal medicine	1
849	Excellence Initiative of the German federal and state governments	1
850	ResMed	1
851	International Human Frontier Science Program Organisation	1
852	German Network for Bioinformatics Infrastructure	1
853	Bundesbehörden der Schweizerischen Eidgenossenschaft	1
854	EC | FP7 | FP7 People: Marie-Curie Actions	1
855	Gun och Bertil Stohnes Stiftelse	1
856	LARSySâPortuguese national	1
857	Ministerium fÃ¼r Wissenschaft, Forschung und Kunst Baden-WÃ¼rttemberg	1
858	Conselho Nacional de Desenvolvimento Científico e Tecnológico	1
859	Rosetrees Trust	1
860	Department of Health | National Health and Medical Research Council (NHMRC)	1
861	The Brazilian National Council for Scientific and Technological Development (CNPq, Brazil)	1
862	Hessisches Ministerium fÃ¼r Wissenschaft und Kunst	1
863	James S. McDonnell Foundation	1
864	University of Zurich	1
865	EidgenÃ¶ssische Technische Hochschule ZÃ¼rich	1
866	Italian Health Ministry 	1
867	NSF	1
868	Jiangxi Administration of Traditional Chinese Medicine	1
869	Fondazione Piemontese per la Ricerca sul Cancro	1
870	Ministry of Education, Culture, Sports, Science and Technology	1
871	Horizon 2020 Eurostar program	1
872	Vontobel-Stiftung	1
873	Universiteit Utrecht	1
874	National Research Foundation of Korea	1
875	Hospital University of Geneva	1
876	MEXT | Japan Science and Technology Agency	1
877	Fondation de Bienfaisance du Groupe Pictet	1
878	JPND	1
879	Geneva University Hospitals (PRD grant)	1
880	European Commission Directorate-General for Research and Innovation	1
881	Fondazione Cassa di Risparmio di Firenze	1
882	Spanish Ministry of Economy, Industry, and Competitiveness	1
883	Foundation Nutrition 2000Plus	1
884	Georges and Antoine Claraz Foundation, the EuroScholars program, the Plan Strategique Sciences Vie (PSVIE) of the University of Geneva	1
885	National Health and Medical Research Council Investigator Grant	1
886	NIH NIDDK 	1
887	Instiuto de Salud Carlos III, Ministry of Science and Innovation (Spain)	1
888	Foundation Helga et Victor Bodifée	1
889	Alzheimer’s Association	1
890	Fond National Suisse de la Recherche Scientifique (FNS) 	1
891	Institute for Glycomics	1
892	Boninchi Foundation from the University of Geneva	1
893	Fundació Cellex, Fundació Mir-Puig, Generalitat de Catalunya	1
894	Naito Foundation	1
895	Fight for Sight	1
896	Swiss Competence Centers for Energy Research, Commission for Technology and Innovation	1
897	Alan Turing Institute	1
898	VetenskapsrÃ¥det	1
899	Electric Mobility Europe	1
900	the Spanish Ministry of Economy, Industry and Competitiveness (MEIC)	1
901	Swiss Innovation Agency – Innosuisse	1
902	EMBO-Long Term Fellowship	1
903	Dementias Platform UK	1
904	Netherlands Organization for Health Research and Development	1
905	Clayton foundation for biomedical research	1
906	NOMIS Stiftung	1
907	Fonds NutsOhra, The Netherlands	1
908	GRSSGO	1
909	Stiftung für Rheumaforschung, Zurich, Switzerland	1
910	Natural Science Foundation of Jiangsu Province	1
911	National Aeronautics and Space Administration	1
912	European Commission 7th Framework Programme	1
913	Fondation Gaydoul	1
914	U.S. Department of Health & Human Services | National Institutes of Health (NIH)	1
915	Ministerio de EducaciÃ³n, Cultura y Deporte	1
916	Fonds De La Recherche Scientifique - FNRS	1
917	Carlos III National Institute of Health	1
918	Robert Wood Johnson Foundation	1
919	Uehara Memorial Foundation	1
920	European Society of Intensive Care Medicine	1
921	French Infrastructure for Integrated Structural Biology Initiative FRISBI	1
922	UNIGE-USyd	1
923	The Ministry of Education, Youth and Sports	1
924	Core Research for Evolutional Science and Technology	1
925	Fondation Recherche Medicale	1
926	National Agency of Research	1
927	Association Suisse pour la Recherche sur Alzheimer,	1
928	Aligning Science Across Parkinson's	1
929	SDG Solution Space	1
930	Gilead Foundation	1
931	Geneva University Hospitals (Humanitarian Commission)	1
932	Ratchadapisek Sompoch Endowment Fund, Chulalongkorn University	1
933	Colorado State University	1
934	Hôpitaux Universitaires de Genève (HUG)	1
935	Paul Ehrlich Institute	1
936	DOE | Brookhaven National Laboratory, Office of Science	1
937	NCCR Evolving Language	1
938	Geneva Academic Society	1
939	Fondation Francis & Marie-France Minkoff and the Leenaards Foundation	1
940	US Department of Defense	1
941	European Reference Network for Rare Kidney Diseases	1
942	Fonds NutsOhra	1
943	Fondation Ernst et Luce Schmidheiny 	1
944	Agence nationale pour la recherche	1
945	National Institute of Allergy and Infectious Diseases	1
946	System of Incentives for the Production of Scientific and Technological Knowledge in the Autonomous Region of Madeira - PROCiÃªncia 2020	1
947	AAP Santé	1
948	LARsyS - Portuguese national funding agency for science, research, and technology (FCT) pluriannual funding 2020-2023	1
949	The Swiss Cancer League	1
950	Ellison Medical Foundation	1
951	CROCUS (Comportements à Risques Organisation Concertation Unité Solidarité)	1
952	Walter and Gertrud Siegenthaler Foundation	1
953	Deutsche Krebshilfe (German Cancer Aid)	1
954	Gouvernement du Canada | Instituts de Recherche en SantÃ© du Canada | CIHR Skin Research Training Centre	1
955	GeCor Foundation	1
956	Basilea Pharmaceutica International Ltd.	1
957	Leverhulme Trust	1
958	Horizon 2020 research and innovation programme	1
959	Leenaards Fondation	1
960	Industrial Research and Consultancy Centre	1
961	Stichting Dioraphte	1
962	The Development Fund of the Medical Directories of the Geneva University Hospitals	1
963	HUG private foundation	1
964	European Commission: Swiss Federal Commission for Scholarships for Foreign Students	1
965	Choose Life Foundation	1
966	Swiss Personalised Health Network (SPHN)	1
967	Spanish State Research Agency	1
968	University of Auckland FRDF	1
969	National Key Research and Development Program of China Stem Cell and Translational Research	1
970	Santé Publique France	1
971	Brain Research UK	1
972	MIAI @ Grenoble Alpes	1
973	Innovative Medicines Initiative Joint Undertaking	1
974	FP7 People: Marie-Curie Actions	1
975	Ernst and Lucie Schmidheiny	1
976	Parkinson Schweiz	1
977	Giorgi-Cavaglieri Foundation	1
978	Ernst and Lucy Schmidheiny foundation	1
979	180189	1
980	Swiss Institute of Bioinformatics	1
981	Foundations Gertrude Von Meissner, Bärgüf, Bodifée and Auris	1
982	AHRQ HHS	1
983	Spanish Ministry of Economy and Competitiveness (MEIC) to the EMBL partnership	1
984	Innosuisse - Swiss Innovation Agency (Bern, Switzerland)	1
985	 Vontobel foundation	1
986	UNIGE 	1
987	Galapagos	1
988	Innosuisse 	1
989	Max Planck ETH Center for Learning Systems	1
990	NIEHS NIH HHS	1
991	Stiftung für Naturwissenschaftliche und Technische Forschung, Liechtenstein	1
992	the Medicine and Engineering interdisciplinary Research Fund of SJTU	1
993	Fondation privée des Hôpitaux Universitaires de Genève	1
994	Fonds Wetenschappelijk Onderzoek	1
995	the Key Laboratory of Biomedical Engineering of Hainan Province under Opening Foundation 	1
996	Australian Research Council Centre of Excellence in Cognition and its Disorders Memory Node	1
997	Nanjing Medical University	1
998	Krebsforschung Schweiz	1
999	NATPE Educational Foundation	1
1000	Swiss Federal Office of Energy SFOE	1
1001	Svenska Forskningsrådet Formas	1
1002	Hasler Foundation	1
1003	FundaciÃ³n Francisco Cobos	1
1004	CGH CDC HHS	1
1005	Jiangxi Key Technology R&amp;D Program Foundation	1
1006	Japan Society for the Promotion of Science London	1
1007	Baasch Medicus Foundation	1
1008	NIHR Rare Disease Translational Research Collaboration	1
1009	EDCTP2 programme supported by the European Union	1
1010	Clinical Research Programs on Obesity	1
1011	Coordenação de Aperfeiçoamento de Pessoal de Nível Superior (Brazil)	1
1012	KANTOR CHARITABLE FOUNDATION	1
1013	EU Joint Programme â Neurodegenerative Disease Research	1
1014	oint Programme–Neurodegenerative Disease Research grant	1
1015	Wellcome Trust Strategic Awards	1
1016	NCCRâOn the Move	1
1017	Alzheimer’s Research UK	1
1018	Ministero dell'Istruzione, dell'UniversitÃ  e della Ricerca	1
1019	NCCR ON THE MOVE	1
1020	SystemsX.ch initiative	1
