773t	COUNT
(In)Scribing Gender	1
12th European Public Health Conference Building bridges for solidarity and public health	1
13 cas cliniques en neuropsychologie des émotions	2
13ème Congrès Francophone d'Allergologie	1
14th European Public Health (EPH) Conference 2021	1
16th Biennial EARLI Conference for Research on Learning and Instruction	1
1926-2016 Fritz Jahr's Bioethics : A global discourse	1
1st World Congress on Migration, Ethnicity, Race and Health - Abstract Supplement	2
2015 International Conference on Affective Computing and Intelligent Interaction (ACII)	1
2017 12th IEEE International Conference on Automatic Face & Gesture Recognition (FG 2017)	1
2017 Seventh International Conference on Affective Computing and Intelligent Interaction (ACII)	1
2018 International Workshop on Pattern Recognition in Neuroimaging (PRNI)	1
2019 8th International Conference on Affective Computing and Intelligent Interaction (ACII)	1
2019 8th International Conference on Affective Computing and Intelligent Interaction Workshops and Demos (ACIIW)	1
2020 11th Conference of the European Study Group on Cardiovascular Oscillations (ESGCO)	1
2020 23rd International Conference on Electrical Machines and Systems (ICEMS)	1
2020 IEEE Nuclear Science Symposium and Medical Imaging Conference (NSS/MIC)	1
2020 IEEE/ASME International Conference on Advanced Intelligent Mechatronics (AIM)	1
2020 Workshop on Visual Analytics in Healthcare (VAHC)	1
2021 9th International Conference on Affective Computing and Intelligent Interaction (ACII)	1
2021 IEEE International Conference on Pervasive Computing and Communications Workshops and other Affiliated Events (PerCom Workshops)	1
20th European Congress of Endocrinology	1
22nd European Congress of Endocrinology (ECE2020)	1
2ème journée du réseau thématique Langage & Communication	1
32nd International Congress of Clinical Neurophysiology (ICCN) of the IFCN	1
46th Annual Meeting of the International Society for Pediatric Neurosurgery (ISPN)	1
58th EASD Annual Meeting of the European Association for the Study of Diabetes	1
66. Jahrestagung der Deutschen Gesellschaft für Neurochirurgie, DGNC.	1
7th global dentists and pediatric dentistry annual meeting	1
88th EAS (European Atherosclerosis Society) Congress	1
89th Europen Society of Atherosclerosis (EAS)	1
8th International Conference on Affective Computing and Intelligent Interaction (ACII)	1
8th International conference on affective computing and intelligent interaction, ACII 2019	1
90th EAS (European Atherosclerosis Society) Congress	1
90th European Atherosclerosis Society (EAS) congress	1
9th International Conference on Affective Computing and Intelligent Interaction (ACII)	1
9th International Conference on Affective Computing and Intelligent Interaction Workshops and Demos (ACIIW)	1
A Cultural History of Medicine in the Age of Enlightenment (1650-1800).Vol. 4	1
AACR Special Conference	1
AAPS Open	1
ACM Transactions on Interactive Intelligent Systems	1
ACM Transactions on Multimedia Computing, Communications, and Applications	2
ACS Applied Nano Materials	2
AGE	2
AIDS	1
AIDS patient care and STDs	1
AJOB Empirical Bioethics	1
AJOB neuroscience	1
ANAE. Approche neuropsychologique des apprentissages chez l'enfant	2
ARC journal of public health and community medicine	1
ARF 2022	1
AVEC'18 Proceedings of the 2018 on Audio/Visual Emotion Challenge and Workshop	1
Abstracts from the 11th European Congress on Tropical Medicine and International Health	1
Academic Radiology	1
Accessible technology and the developing world	1
Accounting for health: calculation, paperwork, and medicine, 1500–2000	1
Acta Bio-medica : Atenei Parmensis	1
Acta Cytologica	1
Acta Dermato-Venereologica	1
Acta Neurochirurgica	2
Acta Neurochirurgica. Supplement	1
Acta Neurologica Scandinavica	2
Acta Oncologica	1
Acta Paediatrica	1
Acta Psychiatrica Scandinavica	1
Acta anaesthesiologica Scandinavica	2
Acta neurochirurgica	7
Acta psychiatrica Scandinavica	1
Acta pædiatrica	1
Actes de la 6e conférence conjointe Journées d'Études sur la Parole (JEP, 33e édition), Traitement Automatique des Langues Naturelles (TALN, 27e édition), Rencontre des Étudiants Chercheurs en Informatique pour le Traitement Automatique des Langues (RÉCITAL, 22e édition). Atelier DÉfi Fouille de Textes	1
Actualités sur les maladies dépressives	1
Addiction	1
Adiccion a las nuevas tecnologias ¿la epidemia del S.XXI?	1
Adjunct Proceedings of the 2015 ACM International Joint Conference on Pervasive and Ubiquitous Computing and Proceedings of the 2015 ACM International Symposium on Wearable Computers	1
Advanced Functional Materials	1
Advanced Materials Technologies	1
Advanced Science	1
Advanced healthcare materials	1
Advances in Biotechnology & Microbiology	1
Advances in Neural Information Processing Systems	2
Advances in autism	1
Advances in experimental medicine and biology	3
Advances in experimental philosophy of free will and responsibility	1
Advances in medical education and practice	1
Aesthetic Investigations	1
African Archaeological Review	2
African Memory in Danger - Mémoire africaine en péril	4
African journal of paediatric surgery	1
Afrique, archéologie & arts	2
Aktuelle Ernährungsmedizin	2
Al servicio de la salud humana. La historia de la medicina ante los retos del siglo XXI	1
Al servicio de la salud humana. La historia de la medicina ante los retos del siglo XXI.	1
Alcoologie et addictologie	1
Alimentary Pharmacology & Therapeutics	1
Alimentary Pharmacology and Therapeutics	2
Alimentary pharmacology & therapeutics	2
Allaiter de l’Antiquité à nos jours : Histoire et pratiques d’une culture en Europe	3
Allaiter de l’Antiquité à nos jours : histoire et pratiques d’une culture en Europe	1
Allaiter de l’Antiquité à nos jours: Histoire et pratiques d’une culture en Europe	2
Allergy	3
Allergy, Asthma, and Clinical Immunology	2
Alpine Brain Imaging Meeting (ABIM)	1
Alpine Brain Imaging meeting	2
Alzheimer's & Dementia	1
Alzheimer's & Dementia (Amsterdam, Netherlands)	1
Alzheimer's & dementia	1
Alzheimer's Research & Therapy	1
Alzheimer's Research and Therapy	2
American Academy of Child and Adolescent Psychiatry. Journal	1
American Journal of Clinical Microbiology and Antimicrobials	1
American Journal of Dentistry	1
American Journal of Epidemiology	1
American Journal of Forensic Medicine and Pathology	1
American Journal of Human Genetics	1
American Journal of Kidney Diseases	3
American Journal of Neuroradiology	1
American Journal of Obstetrics and Gynecology	1
American Journal of Obstetrics and Gynecology MFM	1
American Journal of Orthodontics and Dentofacial Orthopedics	1
American Journal of Transplantation	3
American Pharmaceutical Review	1
American journal of bioethics	4
American journal of biological anthropology	1
American journal of dentistry	1
American journal of human genetics	2
American journal of hypertension	2
American journal of ophthalmology	1
American journal of orthodontics and dentofacial orthopedics	1
American journal of respiratory and critical care medicine	2
American pharmaceutical review	1
Anaesthesia	4
Anaesthesia Critical Care & Pain Medicine	1
Analyst	1
Analytica Chimica Acta	1
Analytica chimica acta	1
Analytical & bioanalytical chemistry	1
Analytical Chemistry	2
Analytical Scientist	1
Anesthesia and analgesia	1
Angewandte Gérontologie Appliquée	1
Angiology	1
Animal Behavior and Cognition	1
Annales de la Fondation Fyssen	1
Annales françaises de médecine d'urgence	1
Annales médico-psychologiques	1
Annals of Chronic Disease	1
Annals of Clinical Case Reports	1
Annals of Clinical Cytology and Pathology	1
Annals of Clinical and Translational Neurology	1
Annals of Emergency Medicine	1
Annals of Internal Medicine	1
Annals of Japan Prosthodontic Society	1
Annals of Laparoscopic and Endoscopic Surgery	2
Annals of Neurology	4
Annals of Otolaryngology and Rhinology	1
Annals of Physical and Rehabilitation Medicine	2
Annals of Plastic Surgery	2
Annals of Surgical Oncology	1
Annals of allergy, asthma, & immunology	1
Annals of family medicine	1
Annals of intensive care	1
Annals of internal medicine	2
Annals of neurology	4
Annals of nutrition & metabolism	1
Annals of oncology	1
Annals of physical and rehabilitation medicine	1
Annals of surgical oncology	5
Annals of the Rheumatic Diseases	3
Annals of the rheumatic diseases	5
Annual Meeting 2020 of the Swiss Society Of Paediatrics	2
Anthropologie	1
Anthropozoologica	2
Antibiotics	1
Antibody Reports	84
Antibody reports	30
Anticancer Research	1
Antimicrobial Resistance and Infection Control	1
Antimicrobial agents and chemotherapy	3
Antimicrobial resistance and infection control	1
Antiplatelet Therapy in Cardiovascular Disease	1
Appetite	2
Application space for SFC in pharmaceutical drug discovery and development	1
Applied Energy	1
Applied Optics	1
Applied Radiology	1
Applied Sciences	6
Applied Surface Science	1
Applied economics letters	1
Applied optics	5
Applied sciences	3
Applying Cognitive Linguistics. Figurative language in use, constructions and typology	1
Approaches to Conflict. Theoretical, Interpersonal, and Discursive Dynamics	1
Approche neuropsychologique des apprentissages chez l'enfant	3
Archaeological and anthropological sciences	1
Architecture et construction en terre crue : approches historiques, sociologiques et économiques	1
Architecture et construction en terre crue. Approches historiques, sociologiques, et économiques. 5emes échanges transdisciplinaires sur les constructions en terre crue.	1
Archiver / Créer (1980-2020)	1
Archives de pédiatrie	4
Archives of Biological Sciences	1
Archives of Clinical and Biomedical Research	1
Archives of Dermatological Research	1
Archives of Medicine and Health Sciences	1
Archives of disease in childhood	2
Archives of osteoporosis	1
Archives of plastic surgery	2
Archiwum Medycyny Sadowej i Kriminologii	1
Archéo-Nil	2
Archéologie vaudoise	1
ArkeoGazte	1
Arthritis & rheumatology	1
Arthritis Care and Research	1
Arthritis Research and Therapy	1
Arthritis and Rheumatology	2
Arthroscopy	1
Artificial Life and Robotics	2
Artificial Organs	1
Artificial Vision: A Clinical Guide	1
Arts et savoirs	1
Arylamine N-Acetyltransferases in Health and Disease. From Pharmacogenetics to Drug Discovery and Diagnostics	1
Ascites : Aetiology, Symptoms and Treatment	1
Asian bioethics review	1
Atherosclerosis	1
Atlante Treccani	1
Augenspiegel	1
Autism Research	1
Autoimmunity reviews	1
Azania	2
BBL-CIBM-CB meeting	1
BMC Evolutionary Biology	1
BMC Gastroenterology	2
BMC Health Services Research	2
BMC Medical Education	1
BMC Medical Ethics	1
BMC Medicine	2
BMC Nephrology	1
BMC Ophthalmology	1
BMC Palliative Care	1
BMC Pediatrics	4
BMC Psychiatry	1
BMC Public Health	1
BMC cancer	1
BMC gastroenterology	1
BMC health services research	1
BMC immunology	1
BMC infectious diseases	1
BMC medicine	2
BMC neurology	1
BMC ophthalmology	1
BMC public health	1
BMI Symposia: “Stress in Health and Disease”	1
BMJ	1
BMJ Open	5
BMJ case reports	1
BMJ global health	1
BMJ open	3
BMJ. British medical journal	1
BZB. Bayerisches Zahnärzteblatt	1
Behavioral Ecology	1
Behavioral Neuroscience	2
Behaviour change	1
Bellies, bowels and entrails in the eighteenth century	1
Bilingualism	3
Bill of Health: Examining the intersection of health law, biotechnology and bioethics	1
BioFactors	1
BioMatériaux dentaires cliniques	1
BioMatériaux cliniques	2
BioRxiv	3
Biochemical Journal	1
Biochemical Pharmacology	1
Biochemical journal	1
Biochimica et Biophysica Acta - Molecular Cell Research	1
Biochimica et biophysica acta	2
Biodiversity Data Journal	1
Bioethica Forum	5
Bioethics	3
Biogeosciences	1
Bioinformatics	1
Biological Conservation	2
Biological conservation	1
Biological invasions	1
Biology of Blood and Marrow Transplantation	1
Biology of Mycobacterial Lipids	1
Biology of blood and marrow transplantation	1
Biology of reproduction	1
Biomarkers in neuropsychiatry	1
Biomatériaux cliniques	2
Biomechanics and modeling in mechanobiology	1
Biomedical Imaging (ISBI), 2016 IEEE 13th International Symposium	2
Biomedical Journal of Scientific & Technical Research	1
Biomedical Optics Express	1
Biophysical Journal	1
Bioprinting	1
Bioscience Reports	1
Blood	4
Blood Advances	3
Blood advances	2
Body, Migration, Re/constructive Surgeries: Making the Gendered Body in a Globalized World	1
Boletim Historiar	1
Bone Marrow Transplantation	2
Bone marrow transplantation	1
BoneKEy Reports	1
Botanical Journal of the Linnean Society	1
Brain	5
Brain Arteriovenous Malformations	1
Brain Mapping: An Encyclopedic Reference	2
Brain Mapping: An Encyclopedic Reference - vol. 3	1
Brain Structure and Function	1
Brain sciences	1
Brain stimulation	2
Brain structure & function	1
Breast cancer research and treatment	1
British Journal of Anaesthesia	1
British Journal of Cancer	1
British Journal of Haematology	1
British Journal of Oral and Maxillofacial Surgery	1
British Journal of Psychiatry	1
British Journal of Radiology	1
British Journal of Surgery	1
British journal for the history of science	1
British journal of anaesthesia	7
British journal of haematology	2
British journal of ophthalmology	1
British journal of pharmacology	2
British journal of surgery	5
Bulletin de l'Académie nationale de médecine	1
Bulletin de la Société préhistorique française	1
Bulletin des médecins suisses	13
Bulletin of the History of Medicine	1
Bulletin of the World Health Organization	1
Bulletin suisse du cancer	4
Cahiers de la puéricultrice	1
Cahiers de psychologie clinique	1
Cahiers du GEDISST	1
Calcified tissue international	2
Cambridge Quarterly of Healthcare Ethics	2
Campus	1
Canadian Journal of Addiction Medicine	1
Canadian Journal of Behavioural Science	1
Canadian Journal of Occupational Therapy	1
Canadian Journal of Philosophy	1
Canadian family physician	1
Canadian journal of African studies	1
Canadian journal of philosophy	1
Cancer Cell	2
Cancer Research	3
Cancer cell	1
Cancer chemotherapy and pharmacology	1
Cancer cytopathology	1
Cancer nursing	1
Cancer research	1
Cancer treatment communications	1
Cancers	2
Candollea	9
Capillary Electrophoresis of Proteins and Peptides - Methods and Protocols	1
Capillary Electrophoresis-Mass Spectrometry (CE-MS) - Principes and Applications	1
Cardiovascular Medicine	7
Case Reports in Dentistry	1
Case Studies in Engineering Failure Analysis	1
Cell	2
Cell Calcium	1
Cell Death & Disease	2
Cell Metabolism	1
Cell Stress	1
Cell Systems	3
Cell Transplantation	1
Cell cycle	1
Cell reports	1
Cell systems	1
Cell transplantation	1
Cells	1
Cellular Microbiology	1
Cellular physiology and biochemistry	2
Cerebral cortex	3
Cerebrovascular Diseases	2
Cerebrovascular diseases	1
Changes & Opportunities	1
Chemical Communications	2
Chemical Senses	1
Chemistry of Materials	1
Chemometrics and intelligent laboratory systems	1
Chest	2
Child Development	1
Chimia	3
Chirurgia	2
Chlamydia biology: from genome to disease	1
Circulation	4
Circulation research	1
Circulation. Arrhythmia and Electrophysiology	1
Circulation: Cardiovascular Genetics	1
Climatic Change	1
Clinic	1
Clinical Anatomy	1
Clinical Cancer Research	1
Clinical Cardiac Pacing, Defibrillation, and Resynchronization Therapy	1
Clinical Endocrinology	1
Clinical Epigenetics	1
Clinical Gastroenterology and Hepatology	2
Clinical Implant Dentistry and Related Research	3
Clinical Infectious Diseases	2
Clinical Kidney Journal	1
Clinical Master	1
Clinical Microbiology and Infection	1
Clinical Neuropathology	2
Clinical Neurophysiology	1
Clinical Nuclear Medicine	1
Clinical Nutrition	2
Clinical Obstetrics, Gynecology and Reproductive Medicine	1
Clinical Oral Implants Research	3
Clinical Oral Investigations	2
Clinical Otolaryngology	1
Clinical Reviews in Allergy & Immunology	1
Clinical Skin Cancer	1
Clinical and Experimental Rheumatology	1
Clinical and Translational Imaging	1
Clinical and Translational Neuroscience	9
Clinical and experimental dental research	2
Clinical and translational neuroscience	2
Clinical colorectal cancer	1
Clinical implant dentistry and related research	2
Clinical infectious diseases	2
Clinical journal of the American Society of Nephrology	3
Clinical medical reviews and case reports	1
Clinical microbiology and infection	2
Clinical neurophysiology	1
Clinical nutrition	2
Clinical nutrition experimental	1
Clinical oral implants research	2
Clinical oral investigations	1
Clinical orthopaedics and related research	2
Clinical rheumatology	2
Clinical transplantation	1
Clinics in Surgery	1
Cochrane Database of Systematic Reviews	2
Cochrane database of systematic reviews	2
Cogent psychology	1
Cognition and Emotion	1
Cold Spring Harbor Perspectives in Medicine	1
Colloque en hommage à Line Garnero	1
Colorectal Disease	4
Colorectal disease	1
Combined Stimulating Methods of Reconstructive Surgery in Pediatric Orthopedics	2
Comment (mieux) former et évaluer les étudiants en médecine et en sciences de la santé ?	1
Comment (mieux) superviser les étudiants en sciences de la santé dans leurs stages et dans leurs activités de recherche ?	3
Comment S'en Sortir ?	1
Comment s'en sortir? Revue d'études féministes	2
Comment(mieux) former et évaluer les étudiants en médecine et en sciences de la santé ?	1
Communications	1
Communications Biology	1
Communications biology	1
Community Archaeology and Heritage in Africa: Decolonizing Practice	1
Competence	1
Computer	1
Computer Methods in Biomechanics and Biomedical Engineering. Imaging & visualization	1
Computer Speech and Language	2
Computers in Human Behavior	2
Computers in biology and medicine	1
Conditioning Medicine	1
Conditioning medicine	1
Conference of Neurosurgical Surgeon Annual Meeting	1
Conference proceedings	2
Conference proceedings : IEEE Engineering in Medicine and Biology Society	1
Conference record of the fifty-second Asilomar conference on signals, systems, and computers	1
"Conferencia inaugural de ""Frankenstein 2018: el bicentenario de un mito eléctrico"""	1
Conférences d'enseignement	1
Congress of the European Sleep Research Society	1
Congrès International Francophone de Pédagogie en Sciences de la Santé	2
Congrès annuel de la Société Internationale Francophone d'Education Médicale (SIFEM)	3
Congrès de printemps SSMIG. Changes & Opportunities	1
Conn's Handbook For Models On Human Aging	1
Conservation biology	1
Converging Clinical and Engineering Research on Neurorehabilitation III: Proceedings of the 4th International Conference on NeuroRehabilitation (ICNR2018)	1
Corpus Exploration of Lexis and Discourse in Translation	1
Cortex	2
Creative Education	1
Creative education	1
Critical Care	2
Critical Reviews in Physical and Rehabilitation Medicine	1
Critical care	3
Critique	1
Crystals	1
Culture History and Convergent Evolution: Can We Detect Populations in Prehistory?	1
Current Alzheimer Research	2
Current Alzheimer research	1
Current Analytical Chemistry	1
Current Biology	2
Current Cardiology Reports	1
Current Colorectal Cancer Reports	1
Current Medical Imaging Reviews	1
Current Neuropharmacology	1
Current Opinion in Behavioral Sciences	3
Current Opinion in Biomedical Engineering	1
Current Opinion in Clinical Nutrition and Metabolic Care	1
Current Opinion in Structural Biology	1
Current Oral Health Reports	1
Current Pharmaceutical Biotechnology	2
Current Problems in Diagnostic Radiology	1
Current gene therapy	1
Current medical research and opinion	1
Current opinion in behavioral sciences	3
Current opinion in cell biology	1
Current opinion in genetics & development	1
Current opinion in pediatrics	1
Current pediatric reviews	1
Current pharmaceutical design	1
Current transplantation reports	1
Current treatment options in pediatrics	1
Current vascular pharmacology	2
Cytometry. Part B, Clinical cytometry	1
DM Italian journal of dental medicine	1
Das soziale Gehirn. Neurowissenschaft und menschliche Bindung	1
Data in Brief	1
Database	4
De l'humeur normale à la dépression en psychologie cognitive, neurosciences et psychiatrie	1
De l'humeur normale à la dépression en psychologie cognitive, neurosciences et psychiatrie.	1
De l'être humain réparé à l'être humain augmenté: quels impacts sur l'individu et la société?	1
De l’Escaut au Nil : Bric-à-brac en homage à Eugène Warmenbol à l’occasion de son 65e anniversaire	1
Dementia and Geriatric Cognitive Disorders	1
Dental Cadmos	2
Dental implants and oral microbiome dysbiosis	1
Dental, Oral and Craniofacial Research	1
Dentistry: Advanced Research	1
Der Chirurg	1
Der Gynäkologe	1
Der Informierte Arzt	1
Der Internist	1
Der Ophthalmologe	2
Der Palmengarten	1
Der informierte Artz	1
Dermatitis	1
Dermatologica Helvetica	4
Dermatologie et infections sexuellement transmissibles	2
Dermatology	9
Dermatopathology	2
Deutsche Medizinische Wochenschrift	1
Deutsche medizinische Wochenschrift	1
Developing World Bioethics	1
Developing world bioethics	1
Developmental Medicine and Child Neurology	3
Developmental Neuroscience	1
Developmental cell	1
Diabetes	2
Diabetes Research and Clinical Practice	1
Diabetologia	5
Diabète & Obésité	1
Dialectica	3
DicoPolHiS	5
DicoPolHis	3
Die Quintessenz der Zahntechnik	2
Dietary Phosphorus: Health, Nutrition, and Regulatory Aspects	1
Digestive Diseases and Sciences	1
Disability Studies Quarterly	1
Disability and the Global South	2
Discussion of clinical cases	3
Discussion on Clinical Cases	1
Disease markers	1
Diseases of the Colon and Rectum	2
Diverticular Disease of the Colon : Recent Knowledge of Physiopathology, Endoscopic Approaches, Clinical and Surgical Treatments	1
Diving and hyperbaric medicine	1
Dix-huitième siècle	3
Docteur, j'ai. Stratégies diagnostiques et thérapeutiques en médecine ambulatoire	1
Douleur et analgésie	1
Drug Metabolism and Personalized Therapy	2
Drug discovery today. Technologies	1
Drugs & aging	2
Drugs Real World Outcomes	1
Démarche clinique : raisonnement clinique, examen physique, entrevue médicale	1
Dépendances	3
EAI endorsed transactions on creative technologies	1
EAS Congress 2021	1
EBioMedicine	1
ECIR 2022: Advances in Information Retrieval	1
EClinicalMedicine	1
EEG - fMRI	1
EFSA journal	1
EMBO Reports	3
EMC - Appareil locomoteur	1
EMC - Podologie	1
EMC - Radiologie et imagerie médicale - musculosquelettique - neurologique - maxillofaciale	1
EMC RADIOLOGIE ET IMAGERIE MÉDICALE : Musculosquelettique - Neurologique - Maxillofaciale	1
ENDO 2021 Abstracts Annual Meeting of the Endocrine Society	1
ENDO2020 - Annual Meeting of the Endocrine Society	1
ENT & Audiology News	1
ERS International Congress 2021	1
ERS Practical Handbook of Noninvasive Ventilation	2
ESC Congress 2019 together with World Congress of Cardiology	1
ESMO Congress 2022	2
EULAR Textbook on Rheumatic Diseases	1
EUROTOX 2021	1
Early human development	1
EcoHealth	1
Ecological Indicators	1
Ectopic Pregnancy and Prenatal Diagnosis	1
Education for primary care	1
Electronic Government. EGOV 2022	1
Emerging Infectious Diseases	8
Emerging infectious diseases	4
Emotion	2
Emotion Measurement	2
Emotion Review	5
Emotion review	2
Emotional Bodies: The Historical Performativity of Emotions	4
Emotional Bodies: The Historical Performativity of Emotions.	1
Emotional bodies: the historical performativity of emotions.	1
Emotions	1
Emotions: History, Culture, Society	1
Encyclopedia of Behavioral Neuroscience	2
Encyclopedia of Bioethics	1
Encyclopedia of Biomedical Engineering	1
Encyclopedia of Biomedical Gerontology	2
Encyclopedia of Endocrine Diseases	1
Encyclopedia of behavioral neuroscience	1
Encyclopédie médico-chirurgicale. Podologie	1
Encyclopédie médico-chirurgicale. Podología	1
Endocrine	1
Endocrine - Related Cancer	1
Endocrine Connections	1
Endocrine Reviews	1
Endocrine development	1
Energies	1
Energy Policy	2
Energy policy	2
Enfance	2
Engineering Fracture Mechanics	1
Entomo Helvetica	1
Environment International	1
Environmental DNA	1
Environmental engineering science	1
Environmental microbiology	1
Environmental research	1
Environmental science & policy	1
Environnement risques & santé	2
Environnement, Risques et Santé	5
Epidemiologic reviews	1
Epidémies et Sociétés: Passé, Présent et Futur	1
Epigenomics	1
Epilepsia	2
Epilepsy & behavior	3
Epileptic Disorders	2
Epileptologie	1
Epistémocritique	1
Erkenntnis	1
Esc textbook of vascular biology	3
Esthetic and Restorative Dentistry	1
Ethica	1
Ethical Theory and Moral Practice	1
Ethiopian journal of pediatrics and child health	1
Ethique & Santé	1
Ethology	1
Etudes de lettres	1
EuPA open proteomics	1
Euro Surveillance	1
Euro surveillance	1
Europace	1
European Archives of Oto-Rhino-Laryngology	1
European Child and Adolescent Psychiatry	1
European Eating Disorders Review	2
European Federation of Primatology International conference	1
European Heart Journal	2
European Heart Journal Cardiovascular Imaging	1
European Journal of Ageing	1
European Journal of Cancer	2
European Journal of Cancer Care	2
European Journal of Cancer Prevention	1
European Journal of Cardio-thoracic Surgery	1
European Journal of Cell Biology	1
European Journal of Dental Education	1
European Journal of Internal Medicine	1
European Journal of Nuclear Medicine and Molecular Imaging	1
European Journal of Oral Implantology	1
European Journal of Orthodontics	2
European Journal of Paediatric Neurology	3
European Journal of Public health	2
European Journal of Radiology	1
European Journal of Taxonomy	1
European Journal of Work & Organizational Psychology	1
European Neurology	1
European Psychiatry	2
European Public Health Conference	1
European Respiratory Journal	1
European Review of History	1
European Society for Medical Oncology (ESMO) Congress	1
European Surgery	1
European Surgical Research	1
European archives of oto-rhino-laryngology	1
European child & adolescent psychiatry	2
European geriatric medicine	1
European gynecology & obstetrics	1
European heart journal	16
European heart journal. Cardiovascular imaging	1
European journal of anaesthesiology	1
European journal of applied physiology	2
European journal of cardio-thoracic surgery	1
European journal of clinical investigation	3
European journal of endocrinology	2
European journal of gynaecological oncology	1
European journal of heart failure	1
European journal of hospital pharmacy	1
European journal of internal medicine	1
European journal of nuclear medicine and molecular imaging	2
European journal of obstetrics, gynecolgy, and reproductive biology: X	1
European journal of oral implantology	1
European journal of orthodontics	2
European journal of orthopaedic surgery & traumatology	1
European journal of paediatric neurology	1
European journal of pediatrics	2
European journal of pharmaceutical sciences	1
European journal of preventive cardiology	1
European journal of vascular and endovascular surgery	1
European neurology	1
European radiology	1
European review for medical and pharmacological sciences	1
Eurosurveillance	2
Evolution of the Human Genome II	1
Exercer	9
Experimental IR Meets Multilinguality, Multimodality, and Interaction (CLEF 2020 - International Conference of the Cross-Language Evaluation Forum for European Languages)	1
Experimental IR Meets Multilinguality, Multimodality, and Interaction. CLEF 2021	1
Experimental Neurology	1
Experimental brain research	1
Expert opinion on orphan drugs	1
F1000Research	1
FASEB Journal	1
Fabula / Les colloques	1
Familias, educación y género. Tradiciones y rupturas en las sociedades moderna y contemporánea	1
Family practice	1
Fast Liquid Chromatography : Mass Spectrometry Methods in Food and Environmental Analysis	1
Feeling dis-ease in modern history: experiencing medicine and illness	1
Field Manual for African Archaeology	2
Fieldguides	2
Flavour and fragrance journal	1
Folia Morphologica	2
Food Protein Induced Enterocolitis (FPIES): Diagnosis and Management	1
Food Quality and Preference	7
Food allergy : molecular basis and clinical practice	1
Food analytical methods	1
Food research international	1
Forensic Science International	3
Forensic Science, Medicine, and Pathology	1
Forensic Sciences Research	4
Forum Implantologicum	1
Forum Medical Suisse	2
Forum médical suisse	5
Forum médical suisse =	1
French Community for Functional NIRS (2fNIRS)	1
French journal of psychiatry	1
Frontiers in Behavioral Neuroscience	1
Frontiers in Dental Medicine	1
Frontiers in Ecology and Evolution	1
Frontiers in Genetics	2
Frontiers in Human Neuroscience	2
Frontiers in ICT	3
Frontiers in Immunology	3
Frontiers in Integrative Neuroscience	1
Frontiers in Medical Case Reports	1
Frontiers in Medicine	1
Frontiers in Microbiology	2
Frontiers in Neuroscience	3
Frontiers in Neurosciences	1
Frontiers in Pediatrics	1
Frontiers in Physiology	1
Frontiers in Psychology	3
Frontiers in behavioral neuroscience	1
Frontiers in computer science	1
Frontiers in ecology and evolution	1
Frontiers in energy research	3
Frontiers in human dynamics	1
Frontiers in human neuroscience	2
Frontiers in immunology	1
Frontiers in marine science	1
Frontiers in neurology	2
Frontiers in neuroscience	2
Frontiers in physics	1
Frontiers in psychology	2
Frontiers in public health	1
Frontiers in surgery	1
Future oncology	1
GAIA : Science et voile. Autour des navigations de Barbara et Thierry Courvoisier	1
Gait & Posture	3
Geburtshilfe und Frauenheilkunde	2
General Dentistry	1
Genes	1
Genes, Chromosomes & Cancer	1
Genesis	3
Genetics in Medicine	2
Genetics in medicine	1
Genetische Zufallsbefunde	1
Genome Biology	1
Genome Research	2
Geomatics	1
Gerontechnology	2
Gesnerus	3
Gliomchirurgie	1
Global Health Promotion	1
Global Health, Epidemiology and Genomics	1
Global Spine Journal	1
Global ecology and biogeography	1
Global environmental change	1
Global policy	1
Globalization and Health	1
Good Practice in Pediatric and Adolescent Gynecology	1
Graefe's archive for clinical and experimental ophthalmology	1
Grand Challenge Problems in Technology-Enhanced Learning II: MOOCs and Beyond	1
Guide des psychotropes d'usage courant	1
Guide du Marseille colonial	1
Gut	2
Gynecology and Obstetrics	2
Géomorphologie	1
HCII 2020: human-computer interaction. multimodal and natural interaction	1
HIV Medicine	2
Haematologica	1
Hand Surgery and Rehabilitation	1
Handbook of Advanced Chromatography/Mass Spectrometry Techniques	1
Handbook of Biobehavioral Approaches to Self-Regulation	1
Handbook of Emotional Development	1
Handbook of Human Motion	1
Handbook of Research on Synthesizing Human Emotion in Intelligent Systems and Robotics	1
Handbook of Value	1
Handbook of Value: Perspectives from Economics, Neuroscience, Philosophy, Psychology and Sociology	1
Handbook of clinical neurology	1
Handbook of communication disorders: theoretical, empirical, and applied linguistic perspectives	1
Handicap 2022 - 12e conférence de l'IFRATH sur les technologies d'assistance	1
Harvard Review of Psychiatry	1
Health	2
Health Expectations	1
Health Information Science. HIS 2022.	1
Health Policy	1
Health Promotion Perspectives	1
Health Psychology	1
Health Sociology Review	1
Health policy	1
Health security	1
Hearing, Balance and Communication	1
Heart Rhythm	1
Helvetica Chimica Acta	2
Hepatology	4
Hepatology Communications	1
Hepatoma research	2
Heroin Addiction and Related Clinical Problems	1
High-Throughput Glycomics and Glycoproteomics	1
Hip international	1
Histoire de l'art	1
Histoire, médecine et santé	1
Histoire, médecine et santé	1
HistoireEngagée.ca	1
Histopathology	1
Historical Methods	1
Hormone molecular biology and clinical investigation	1
Hormone research in paediatrics	1
Hospitals en temps de guerra: tecnologies mediques i agències humanitaries	1
Human Gene Therapy	1
Human Gene Therapy. Clinical Development	1
Human Immunology	1
Human Molecular Genetics	1
Human brain mapping	2
Human technology	1
Hygiea internationalis	1
Hypertension	1
Hypertension : A Compandion To Braunwald's Heart Diease	1
Hypoparathyroidism (Part III)	1
Hämostaseologie	1
I.D. L'information dentaire	2
I2D	1
ICMI '22 : International Conference on Multimodal Interaction	1
ICMR '17 Proceedings of the 2017 ACM on International Conference on Multimedia Retrieval	1
ICOM news	1
IEEE 12th International	1
IEEE Access	1
IEEE Engineering in Medicine and Biology Society. Conference Proceedings	1
IEEE MultiMedia	1
IEEE Signal Processing Letters	1
IEEE Signal Processing Magazine	2
IEEE Transactions on Affective Computing	4
IEEE Transactions on Biomedical Engineering	4
IEEE Transactions on Image Processing	1
IEEE Transactions on Medical Imaging	6
IEEE Transactions on Neural Systems and Rehabilitation Engineering	1
IEEE Transactions on Pattern Analysis and Machine Intelligence	1
IEEE Transactions on Radiation and Plasma Medical Sciences	1
IEEE Transactions on Signal Processing	2
IEEE journal of biomedical and health informatics	1
IEEE journal of selected topics in signal processing	2
IEEE signal processing letters	1
IEEE signal processing magazine	1
IEEE transactions on affective computing	2
IEEE transactions on biomedical circuits and systems	1
IEEE transactions on biomedical engineering	1
IEEE transactions on medical imaging	1
IEEE transactions on neural systems and rehabilitation engineering	1
IEEE transactions on signal processing	2
INTERPERSONAL '15 Proceedings of the 1st Workshop on Modeling INTERPERsonal SynchrONy And infLuence, ICMI 2015	1
ISBT Science Series	1
ISRE 2019	1
IVA '19: Proceedings of the 19th ACM International Conference on Intelligent Virtual Agents	1
Il genere nella ricerca storica	1
Il genere nella ricerca storica : atti del VI congresso della Società italiana delle storiche, a cura di Saveria Chemotti, Maria Cristina La Rocca	1
Image and Vision Computing	1
Imagerie de la colonne vertébrale et de la moelle épinière	1
Imagerie de la femme	1
Imaginarios utópicos: pasado, presente y futuro	1
Immunity	5
Immunology Letters	1
Impact Assessment and Project Appraisal	1
Implant Dentistry	1
Implantologie	1
Implications philosophiques	2
In the shadow of transitional justice	1
InFo NEUROLOGIE & PSYCHIATRIE	1
InFo Neurologie & Psychiatrie	1
InFo Neurologie und Psychiatrie	2
Indian Journal of Surgery	1
Indian Pacing and Electrophysiology Journal	1
Indian journal of dental research	1
Industrial Health	1
Infection	1
Infection Control and Hospital Epidemiology	1
Infection, Genetics and Evolution	1
Infectious Agents and Cancer	1
Infectious diseases	1
Infectious diseases and therapy	1
Inflammatory Bowel Diseases	1
Influxus	1
Informatics Education in Healthcare: Lessons Learned	1
Injury	1
Innovations	1
Innovative surgical sciences	1
Inquiry	1
Insights into imaging	5
Intelligent Systems and Applications: Proceedings of the 2020 Intelligent Systems Conference (IntelliSys)	1
Intensive Care Medicine	1
Intensive care medicine	4
Interacting with computers	1
Interaction Studies	1
Interactive cardiovascular and thoracic surgery	1
International Conference on Affective Computing and Intelligent Interaction and Workshops. Proceedings	1
International Conference on Artificial Intelligence in Medicine. AIME 2022.	1
International Congress of Analytical, Forensic and clinical Toxicology 2019	1
International Encyclopedia of the Social & Behavioral Sciences	1
International Journal for Quality in Health Care	1
International Journal of Cancer	1
International Journal of Cardiology	2
International Journal of Computerized Dentistry	6
International Journal of Developmental Neuroscience	1
International Journal of Digital Earth	2
International Journal of Eating Disorders	2
International Journal of Emergency Mental Health and Human Resilience	1
International Journal of Environmental Research and Public Health	1
International Journal of Epidemiology	3
International Journal of Esthetic Dentistry	5
International Journal of Health Education	1
International Journal of Health Policy and Management	1
International Journal of Infectious Diseases	1
International Journal of Legal Medicine	23
International Journal of Mental Health and Addiction	2
International Journal of Multimedia Information Retrieval	1
International Journal of Obesity	1
International Journal of Oral & Maxillofacial Implants	6
International Journal of Oral Implantology	1
International Journal of Pediatric Otorhinolaryngology	1
International Journal of Periodontics & Restorative Dentistry	3
International Journal of Periodontics and Restorative Dentistry	5
International Journal of Pharmacology	1
International Journal of Primatology	1
International Journal of Prosthodontics	4
International Journal on Interactive Design and Manufacturing	1
International Meeting on Emerging Diseases and Surveillance	1
International Organizations Law Review	1
International Orthopaedics	1
International conference on human-computer interaction, augmented cognition	1
International gambling studies	1
International journal for educational integrity	1
International journal of adolescent medicine and health	1
International journal of advances in case reports	1
International journal of cancer	3
International journal of cardiology	5
International journal of computer assisted radiology and surgery	1
International journal of dental hygiene	1
International journal of environmental research and public health	3
International journal of gynecological cancer	1
International journal of gynecology, obstetrics and neonatal care	1
International journal of health policy and management	2
International journal of legal medicine	2
International journal of maxillofacial prosthetics	1
International journal of molecular sciences	3
International journal of nursing studies	1
International journal of obstetric anesthesia	1
International journal of oral implantology	1
International journal of pediatric otorhinolaryngology	1
International journal of philosophical studies	1
International journal of tropical disease & health	1
International organizations law review	2
International orthopaedics	1
International surgery	1
Interventional neuroradiology	1
Isis	1
JACC. Cardiovascular interventions	2
JACC: Cardiovascular Interventions	1
JAMA (Journal of the American Medical Association)	3
JAMA Neurology	1
JAMA Ophthalmology	2
JAMA internal medicine	1
JAMA network open	3
JAMA ophthalmology	1
JCI insight	1
JCOM - Journal of Science Communication	1
JHEP reports : innovation in hepatology	1
JMIR research protocols	1
JMIR. Journal of medical internet research	1
JPEN. Journal of parenteral and enteral nutrition	1
Jeux sérieux	1
Joint Annual Meeting 2018: Swiss Society of Neurosurgery, Swiss Society of Neuroradiology	2
Joint Annual Meeting Swiss Society of Paediatrics, Swiss Society of Paediatric Surgery and Swiss Society of Child and Adolescent Psychiatry and Psychotherapy	1
Joint bone spine	1
Joint, Bone, Spine	2
Journal de Parodontologie et d'Implantologie Orale	1
Journal de pédiatrie et de puériculture	1
Journal de thérapie comportementale et cognitive	1
Journal der Deutschen Dermatologischen Gesellschaft	1
Journal des Africanistes	1
Journal for health quality : official publication of the National Association for Healthcare Quality	1
Journal for modeling in ophthalmology	2
Journal français d'ophtalmologie	1
Journal of 3D printing in medicine	1
Journal of Acquired Immune Deficiency Syndromes	2
Journal of Addiction Research & Therapy	1
Journal of Addictive Behaviors, Therapy & Rehabilitation	1
Journal of Adolescent and Young Adult Oncology	1
Journal of African archaeology	2
Journal of Allergy and Clinical Immunology	2
Journal of Alzheimer's Disease	3
Journal of Alzheimer's Disease and Parkinsonism	1
Journal of Ancient Diseases & Preventive Remedies	1
Journal of Applied Social Psychology	1
Journal of Applied Statistics	1
Journal of Archaeological Science: Reports	2
Journal of Autism and Developmental Disorders	1
Journal of Behavioral Addictions	1
Journal of Bioethical Inquiry	1
Journal of Biogeography	1
Journal of Biomechanics	3
Journal of Bryology	3
Journal of Cardiovascular Electrophysiology	1
Journal of Cardiovascular Pharmacology	1
Journal of Case Reports and Medical Images	1
Journal of Case Reports in Medicine	1
Journal of Cell Science	2
Journal of Cerebral Blood Flow and Metabolism	2
Journal of Child Psychology and Psychiatry and Allied Disciplines	1
Journal of Child and Adolescent substance abuse	1
Journal of Chromatography. B	1
Journal of Clinical Investigation	2
Journal of Clinical Neurophysiology	2
Journal of Clinical Oncology	1
Journal of Clinical Periodontology	1
Journal of Clinical Research in Pediatric Endocrinology	1
Journal of Clinical Toxicology	1
Journal of Clinical and Experimental Dentistry	1
Journal of Clinical and Medical Images	1
Journal of Cognitive Enhancement	2
Journal of Community and Applied Social Psychology	1
Journal of Consumer Behaviour	1
Journal of Craniofacial Surgery	1
Journal of Crohn's and Colitis	2
Journal of Crohn's and colitis	1
Journal of Current Glaucoma Practice	2
Journal of Cytology and Histology	1
Journal of Dental and Maxillofacial Research	1
Journal of Digestive Disorders and Diagnosis	2
Journal of Drug Delivery Science and Technology	1
Journal of Economic Psychology	1
Journal of Environmental Psychology	2
Journal of Environmental and Public Health	1
Journal of European CME	1
Journal of Experimental Child Psychology	2
Journal of Forensic Radiology and Imaging	1
Journal of Forensic and Legal Medicine	2
Journal of Geriatric Medicine and Gerontology	1
Journal of Graduate Medical Education	1
Journal of Head Neck & Spine Surgery	1
Journal of Health Informatics in Developing Countries	1
Journal of Hepatology	4
Journal of Human Evolution	1
Journal of Human Rights	1
Journal of Immunological Methods	1
Journal of Immunology Research	1
Journal of Indian Council of Philosophical Research	2
Journal of Inherited Metabolic Disease	1
Journal of Instrumentation	1
Journal of Investigational Allergology & Clinical Immunology	1
Journal of Investigational Allergology and Clinical Immunology	1
Journal of Investigative Dermatology	1
Journal of Leukocyte Biology	1
Journal of Material Culture	1
Journal of Materials Science	1
Journal of Minimally Invasive Gynecology	1
Journal of Molecular Biology	1
Journal of Moral Education	1
Journal of Nanobiotechnology	2
Journal of Nephrology	1
Journal of Nervous and Mental Disease	2
Journal of Neural Engineering	3
Journal of Neuro-Oncology	1
Journal of NeuroInterventional Surgery	1
Journal of Neuroimaging	1
Journal of Neuroinflammation	1
Journal of Neurolinguistics	1
Journal of Neurology	1
Journal of Neurology, Neurosurgery, and Psychiatry	1
Journal of Neurophysiology	1
Journal of Neuroradiology	1
Journal of Neuroscience Methods	1
Journal of Neurosurgery	3
Journal of Neurosurgery: Pediatrics	1
Journal of Nonverbal Behavior	4
Journal of Nuclear Medicine	1
Journal of Nutrition, Health and Aging	1
Journal of Obesity & Eating Disorders	1
Journal of Open Source Software	1
Journal of Ophthalmology	1
Journal of Ophthalmology and Research	3
Journal of Oral Science & Rehabilitation	3
Journal of Oral and Maxillofacial Surgery	1
Journal of Osteoporosis & Physical Activity	1
Journal of Pain	1
Journal of Pain Research	1
Journal of Pain and Symptom Management	1
Journal of Parkinson's Disease	1
Journal of Parkinson's disease	3
Journal of Pediatric Endoscopic Surgery	1
Journal of Pediatric Surgery	1
Journal of Perinatal Medicine	1
Journal of Pharmaceutical and Biomedical Analysis	1
Journal of Pharmacology and Pharmacotherapeutics	1
Journal of Physical Activity and Health	1
Journal of Physiology	1
Journal of Plastic Surgery and Hand Surgery	1
Journal of Plastic, Reconstructive & Aesthetic Surgery	1
Journal of Population Ageing	3
Journal of Preventive Psychiatry and Allied Disciplines	1
Journal of Prosthodontics	1
Journal of Proteome Research	2
Journal of Proteomics	1
Journal of Psychopathology and Behavioral Assessment	1
Journal of Psychosocial Rehabilitation and Mental Health	1
Journal of Public Health	1
Journal of Public Health Policy	1
Journal of Public Health and Emergency	4
Journal of Shoulder and Elbow Surgery	1
Journal of Sleep Research	1
Journal of Social Ontology	1
Journal of Social and Personal Relationships	1
Journal of Spanish Cultural Studies	2
Journal of Stem Cell Research & Therapy	1
Journal of Stomatology, Oral and Maxillofacial Surgery	2
Journal of Stroke & Cerebrovascular Diseases	1
Journal of Surgery	3
Journal of Ultrasound in Medicine	1
Journal of Viral Hepatitis	3
Journal of Visualized Experiments	1
Journal of World Prehistory	1
Journal of addiction research & therapy	2
Journal of addictive behaviors, therapy & rehabilitation	1
Journal of adhesive dentistry	3
Journal of affective disorders	1
Journal of aging studies	1
Journal of allergy and clinical immunology	1
Journal of allied health	1
Journal of anatomy	1
Journal of applied bioinformatics & computational biology	1
Journal of applied polymer science	1
Journal of archaeological method and theory	1
Journal of archaeological science: Reports	2
Journal of bacteriology	1
Journal of bone oncology	1
Journal of bronchology & interventional pulmonology	1
Journal of cardiothoracic surgery	3
Journal of cataract and refractive surgery	2
Journal of chemometrics	1
Journal of children's orthopaedics	1
Journal of chromatography	2
Journal of clinical and medical images case reports	1
Journal of clinical images and medical case reports	1
Journal of clinical medicine	1
Journal of clinical monitoring and computing	1
Journal of clinical neuroscience	1
Journal of clinical oncology	1
Journal of clinical pathology	1
Journal of cognitive neuroscience	1
Journal of computational design and engineering	1
Journal of computational physics	1
Journal of current glaucoma practice	2
Journal of dental research	1
Journal of drug delivery science and technology	2
Journal of empirical research on human research ethics	1
Journal of environmental psychology	1
Journal of forensic science & criminology	1
Journal of forensic sciences	2
Journal of functional foods	1
Journal of gambling issues	1
Journal of general internal medicine	1
Journal of gynecology obstetrics and human reproduction	1
Journal of hand surgery. European volume	1
Journal of healthcare communications	1
Journal of hematology & oncology	1
Journal of hepatology	5
Journal of hypertension	1
Journal of infectious diseases	1
Journal of instrumentation	1
Journal of intellectual property law and practice	1
Journal of interprofessional care	1
Journal of investigational allergology & clinical immunology	1
Journal of managed care & specialty pharmacy	1
Journal of materials chemistry	1
Journal of materials chemistry. B	1
Journal of medical ethics	1
Journal of medical research and health sciences	1
Journal of medicinal chemistry	1
Journal of midwifery & women's health	1
Journal of moral philosophy	1
Journal of neurochemistry	2
Journal of neurology	2
Journal of neurology, neurosurgery and psychiatry	1
Journal of neuroradiology	2
Journal of neurosurgery	1
Journal of neurosurgery. Pediatrics	1
Journal of oncology translational research	1
Journal of open source software	1
Journal of ophthalmic inflammation and infection	1
Journal of oral and Facial Pain and Headache	1
Journal of oral and maxillofacial surgery	1
Journal of pain and symptom management	1
Journal of palliative care & medicine	1
Journal of pathology	1
Journal of pediatric endocrinology & metabolism	2
Journal of pediatric gastroenterology and nutrition	2
Journal of pediatric hematology/oncology	1
Journal of pediatric surgery case reports	2
Journal of pharmaceutical & biomedical analysis	1
Journal of phonetics	1
Journal of physical activity & health	1
Journal of proteome research	4
Journal of psychiatric practice	1
Journal of psychopharmacology	1
Journal of psychosocial oncology research and practice	1
Journal of reproductive medicine	1
Journal of research in science teaching	1
Journal of respiration	1
Journal of substance use	1
Journal of the American Academy of Dermatology	1
Journal of the American Chemical Society	1
Journal of the American College of Cardiology	3
Journal of the American College of Surgeons	1
Journal of the American Heart Association. Cardiovascular and cerebrovascular disease	2
Journal of the American Institute for Conservation	1
Journal of the American Medical Directors Association	1
Journal of the American Medical Informatics Association	1
Journal of the American Society of Nephrology	1
Journal of the Brazilian Chemical Society	2
Journal of the Endocrine Society	1
Journal of the European Academy of Dermatology and Venereology	1
Journal of the International AIDS society	1
Journal of the Neurological Sciences	2
Journal of the Optical Society of America. A, Optics, image science, and vision	1
Journal of the Optical Society of America. A, Optics, image science, and vision.	1
Journal of the Optical Society of America. A: Optics, Image Science, and Vision	3
Journal of thoracic oncology	1
Journal of thrombosis and haemostasis	4
Journal of virology	2
Journal of visualized experiments	1
Journal of wound management	1
Journées dermatologiques de Paris	1
Journées francophones d'informatique médicale	1
Judgment and Decision Making	1
Jusletter	5
Justitie 2020. Straffen: waarom? hoe? / Justice 2020. Punir: pourquoi? Comment?	1
Kardiologia Polska	1
Kennedy Institute of Ethics Journal	1
Kidney international reports	1
Klesis - Revue philosophique	1
Klinische Monatsblätter für Augenheilkunde	6
Klinische Neurophysiologie	1
Knee surgery, sports traumatology, arthroscopy	1
Kromatográfus	3
L'Année psychologique	1
L'Année psychologique	1
L'Encyclopédie Philosophique	1
L'Encyclopédie philosophique	1
L'Encéphale	1
L'Esprit Créateur	1
L'Information psychiatrique	1
L'année Baudelaire	1
L'encyclopédie philosophique	2
L'expression des émotions	1
L'humain et ses préfixes : une encyclopédie du transhumanisme et du posthumanisme	1
LC GC Europe	2
LC GC North America	1
LCGC Europe	5
LCGC North America	6
LEADING OPINIONS. Hämatologie & Onkologie	1
La Figure du Médecin-poète	1
La Radiologia Medica	1
La Radiologia medica	1
La Revue de médecine interne	5
La Revue du praticien	1
La cognition : du neurone à la société	1
La communication professionnelle en santé	1
La fabrique de la modernité scientifique : discours et récits du progrès sous l'Ancien Régime	1
La gazette médicale - info@gériatrie	12
La gazette médicale/info@gériatrie	1
La maltraitance envers les enfants : les protéger des méchants	1
La recherche en education	1
La responsabilité du fait des produits : Journée de la responsabilité civile 2016	1
Lancet	3
Lancet Child & Adolescent Health	1
Lancet neurology	3
Lancet. Oncology	1
Landscape and urban planning	1
Language and Emotion. An International Handbook	2
Language and emotion: an international handbook [vol. 1]	1
Language learning	1
Language learning and development	1
Language, cognition and neuroscience	1
Le Bronze moyen et l'origine du Bronze final en Europe occidentale (XVIIe – XIIIe siècle av. J.-C.)	1
Le Courrier des Addictions	2
Le Festin critique. Hommage à Michel Jeanneret (1940-2021)	1
Le Pharmacien Hospitalier et Clinicien	1
Le Temps	1
Le geste chirurgical : histoire, littérature, arts visuels (XXe-XXIe siècles)	1
Le libre arbitre : perspectives contemporaines	1
Le partenariat en santé : savoirs croisés entre patients, proche aidants, professionnels et chercheurs	1
Leading Opinions. Médecine Interne	3
Lectin Purification and Analysis	1
Lecture Notes in Computer Science	1
Legal Medicine	4
Legal medicine	1
Lemanic Neuroscience Annual Meeting	1
Les Cahiers de l'ASREEP-NLS	1
Les Humanités médicales. L'engagement des sciences humaines et sociales en médecine	1
Les ateliers de l'éthique	1
Les ateliers de l'éthique	1
Les esprits animaux (XVIème – XXIème siècles). Littérature, histoire, philosophie	1
Les inventions photographiques du paysage	1
Les troubles des conduites alimentaires: du diagnostic aux traitements	1
Leukemia	1
Lichenologist	1
Lien social et politiques	1
Liver International	4
Liver international	2
Lupus	2
Luxation congénitale de la hanche : dépistage clinique et échographique	1
MAbs	1
MBio	1
MM '16 Proceedings of the 2016 ACM on Multimedia Conference	1
MS. Médecine sciences	1
Machine Learning and Knowledge Discovery in Database : Applied Data Science Track : European Conference, ECML PKDD 2021, Proceedings, Part V	1
Magnetic Resonance Handbook	1
Magyar Kémiai Folyóirat	1
Making Humanitarian Crises: Emotions and Images in History	2
Maladies neuromusculaires	1
Manuel clinique de rééducation par la musique : comment la musique contribue à soigner le cerveau	1
Manuel de Psychiatrie	1
Manuel de terrain en Archéologie africaine	2
Marcus and Feldman's Osteoporosis	1
Materia Medica: Savoirs et usages des médicaments aux époques médiévales et modernes	1
Materia medica	1
Materia medica. Savoirs et usages des médicaments aux époques médiévales et modernes	1
Materials	3
Mathematics	1
Matrix Metalloproteinases in health and disease. Sculpting the human body.	1
Maîtrise Orthopédique	3
Medical Case Reports	1
Medical Education	1
Medical Image Computing and Computer Assisted Intervention – MICCAI 2018	1
Medical Physics	16
Medical education online	1
Medical image computing and computer-assisted intervention – MICCAI 2016	1
Medical science case reports	1
Medicinal plants as anti-infectives - current knowledge and new perspectives	1
Medicine	2
Medicine (Philadelphia)	1
Medicine, Conflict and Survival	1
Medicine, health care and philosophy	1
Meeting abstracts from International Conference on Prevention & Infection Control (ICPIC 2017)	1
Meta	1
Metabolites	1
Metals	1
Metaphor and symbol	1
Metaphor and the social world	1
Metaphor, Emotions and Identity	1
Metascience	1
Methodology	1
Methods in Consumer Research. Volume 2: Alternative Approaches and Special Applications	1
Methods in ecology and evolution	1
Methods of Exploring Emotions	1
Methods of information in medicine	1
Microorganisms	1
Microscopy and microanalysis	2
Mind and Language	1
Minerva	1
Minerva Anestesiologica	2
Mobilité et migration: impacts pour le droit de la santé	1
Modern Pathology	1
Modern pathology	1
Modern thoraco-lumbar implants for spinal fusion	1
Molecular Autism	1
Molecular Cell	1
Molecular Metabolism	1
Molecular and Cellular Endocrinology	2
Molecular and cellular endocrinology	2
Molecular imaging	1
Molecular imaging and biology	2
Molecular neurobiology	1
Monatsschrift für Kinderheilkunde	1
Motivation Science	1
Motivation and emotion	1
Motivation science	1
Movement & sport sciences	3
Movement Disorders Clinical Practice	1
Movement and Sport Sciences	1
Movement disorders	4
Multimedia Manual of Cardiothoracic Surgery	1
Museum and Society	1
Museum management and curatorship	1
Musica domani	1
Musicanimale : le grand bestiaire sonore	1
Médecin du Québec	5
Médecine	1
Médecine & enfance	1
Médecine de catastrophe urgences collectives	1
Médecine des maladies métaboliques	10
Médecine et santé tropicales	1
Médecine nucléaire	1
Médecine thérapeutique. Pédiatrie	1
Médecine/Sciences	1
Médecins-écrivains français et francophones : imaginaires - poétiques - perspectives interculturelles et transdisciplinaires	1
Méditez avec nous : 21 méditants experts vous conseillent et vous guident	1
Nanomedicine	1
Narrative Inquiry in Bioethics	1
Natural Computing	1
Natural Product Communications	1
Natural Product Reports	1
Natural product research	1
Nature	9
Nature Cell Biology	1
Nature Communications	6
Nature Genetics	2
Nature Medicine	1
Nature Neuroscience	1
Nature Photonics	1
Nature Reviews. Disease Primers	1
Nature climate change	1
Nature communications	2
Nature energy	2
Nature genetics	1
Nature medicine	1
Nature microbiology	1
Nature physics	1
Nature structural & molecular biology	1
Nature, Environment and Quality of Life	1
Neo-Lithics	1
Neonatology	2
Nephrology, Dialysis, Transplantation	1
Network Neuroscience	2
Network Science - 7th International Winter Conference, NetSci-X 2022 Porto, Portugal, February 8–11, 2022 Proceedings	1
Neuro-Oncology	2
NeuroImage	8
NeuroImage: Clinical	2
Neurobiology of Aging	3
Neurobiology of Disease	1
Neurobiology of aging	3
Neurochemistry International	1
Neurocomputing	1
Neurodegenerative Diseases	1
Neurological Sciences	1
Neurology	11
Neuron	5
Neuropediatrics	1
Neuropharmacology	1
Neuropsychiatrie de l'enfance et de l'adolescence	1
Neuroquantology	1
Neuroradiology	2
Neuroscience	1
Neuroscience and biobehavioral reviews	1
Neurosurgery	2
Neurosurgical Review	6
Neurovascular Imaging	1
New Directions in the Philosophy of Memory	1
New England Journal of Medicine	3
New England journal of medicine	1
New Journal of Physics	1
New cannibal markets : globalization and commodification of the human body	3
New horizons in translational medicine	2
Newsletter - Society for Historical Archaeology	1
Non-invasive ventilation and weaning: principles and practice	2
Noninvasive mechanical ventilation: theory, equipment, and clinical applications	2
Nonmalignant Hematology Expert Clinical Review : Questions and Answers	1
Not just a Corridor: Human occupation of the Nile Valley and neighbouring regions between 75,000 and 15,000 years ago	1
Nous	1
Nouvelles de l'archéologie	1
Novelties in Diabetes	1
Nuclear Instruments and Methods in Physics Research. B	1
Nucleic acids research	3
Nutrition and Bone Health	1
Nutrition and Bone Health (Second Edition)	1
Nutrition clinique et métabolisme	2
Nutrition in clinical practice	1
Nutritional influences on bone health: 10th International Symposium on Nutritional Aspects of Osteoporosis	1
Nyame Akuma - Bulletin of the Society of Africanist Archaeologists	1
O Lugar Das Emoções Na Etica e na Metaética	1
OAlib	1
OBM Genetics	1
OHBM conference	1
ORL	3
Oberflächen	1
Obesity	1
Obesity Facts	3
Obesity facts	1
Obstetrica	2
Oncotarget	3
One Health Outlook	1
One earth	1
Open access journal of biomedical science	1
Open heart	1
Open journal of nursing	1
Open journal of obstetrics and gynecology	1
Operative Dentistry	1
Operative techniques in thoracic and cardiovascular surgery	1
Ophthalmic Epidemiol	1
Ophthalmologische Nachrichten	1
Ophthalmology	1
Optics Express	2
Optics Letters	1
Optics express	1
Optometry and Vision Science	2
Optometry and vision science	1
Oral	1
Oral Health & Preventive Dentistry	1
Oral Health and Preventive Dentistry	1
Oral health & preventive dentistry	2
Oral oncology	1
Orthopaedics & traumatology: surgery & research	2
Orthopedic Management of Children With Cerebral Palsy: A Comprehensive Approach	3
Orthopedics	1
Osiris	2
Osteologie	1
Osteoporosis International	1
Osteoporosis international	1
Osteoporosis: Pathophysiology and clinical management	1
Oxford Research Encyclopedia of Anthropology	1
Oxford Textbook of Geriatric Medicine	1
Oxford Textbook of Neuroimaging	1
PET Clinics	1
PET and PET/CT: A clinical guide	1
PET/MRI in Oncology	1
PLOS Medicine	2
PLOS ONE	16
PLOS Pathogens	1
PLOS pathogens	1
PLoS computational biology	1
PLoS medicine	1
PNAS Nexus	1
Paediatric Drugs	1
Paediatric anaesthesia	1
Paediatrica	10
Paediatrica (CH)	1
Paideuma	1
Palgrave Communications	1
Pan European networks. Science & technology	1
Parkinsonism & related disorders	1
Pattern Analysis and Application	1
Pediatric Allergy and Immunology	4
Pediatric Blood and Cancer	2
Pediatric Critical Care Medicine	2
Pediatric Emergency Care	2
Pediatric Infectious Disease Journal	3
Pediatric Pulmonology	1
Pediatric Research	1
Pediatric Sedation Outside of the Operating Room	2
Pediatric allergy and immunology	1
Pediatric and Adolescent Gynecology : a problem-based approach	1
Pediatric blood & cancer	1
Pediatric critical care medicine	11
Pediatric dermatology	1
Pediatric diabetes	1
Pediatric emergency care	1
Pediatric neurology briefs	1
Pediatric radiology	1
Pediatric rheumatology online journal	1
Pediatrics	3
Periodoncia clínica	1
Periodontology 2000	3
Perioperative Hemostasis	1
Personality and Individual Differences	1
Personality and individual differences	3
Perspectives on Taste: Aesthetics, Language, Metaphysics, and Experimental Philosophy	1
Petit Traité des valeurs	1
Petit traité des valeurs	2
Pflegerecht, Pflegewissenschaft	1
Phantasia	1
PharmaJournal	2
Phasing Out - NCCR	1
Philosophia	1
Philosophical Psychology	1
Philosophical psychology	2
Philosophie, histoire, biologie: mélanges offerts à Jean Gayon	1
Philosophy and Phenomenological Research	1
Philosophy of suffering: metaphysics, value, and normativity	1
Philosophy, Psychiatry, & Psychology	1
Phonology	1
Physica Medica	1
Physical review research	2
Physics in Medicine and Biology	3
Physics in medicine and biology	2
PhysioNet	1
Physiological Measurement	1
PhytoKeys	1
Phytochemical Analysis	1
Phytochemistry Letters	1
Pipette	2
Pipette - swiss laboratoty medicine	1
Placenta	1
Plant Structural Biology: Hormonal Regulations	1
Plant physiology	1
Plant systematics and evolution	2
Plant, Cell and Environment	1
Planta medica international open	1
Platelets	1
Pleura and Peritoneum	1
PloS one	9
Polymer Testing	1
Polymer journal	1
Polymeric Micelles for Drug Delivery	1
Pratiques en nutrition	1
Praxis	1
Praxis (Bern 1994)	2
Premiers cris, premières nourritures	1
Preserving African Cultural Heritage : Actes du 13ème congrès de l'Association Panafricaine d'Archéologie	1
Preserving African Cultural Heritage: Actes du 13ème congrès de l'Association Panafricaine d'Archéologie	1
Preventive medicine	1
Primary and Hospital Care	6
Primary and Hospital Care (French Edition)	1
Primary and Hospital Care: Médecine Interne Générale	2
Primary and hospital care	2
Primary care	3
Primary health care research & development	1
Primate Cognitive Studies	1
Primer on the metabolic bone diseases and disorders of mineral metabolism	2
Principles and practice of pediatric infectious diseases	1
Proceedings	1
Proceedings of CLEF (Conference and Labs of the Evaluation Forum) 2020 Working Notes	2
Proceedings of IEEE International Conference on Healthcare Informatics (ICHI)	1
Proceedings of SPIE	1
Proceedings of SPIE, the International Society for Optical Engineering	1
Proceedings of the 13th Workshop on Multiword Expressions (MWE 2017)	1
Proceedings of the 14th IEEE International Symposium on Biomedical Imaging: From Nano to Macro (ISBI'17)	2
Proceedings of the 15th IEEE International Symposium on Biomedical Imaging: From Nano to Macro (ISBI'18)	1
Proceedings of the 16th IEEE International Symposium on Biomedical Imaging: From Nano to Macro (ISBI'19)	3
Proceedings of the 16th International Workshop on Semantic Evaluation (SemEval-2022)	1
Proceedings of the 19th ACM Conference on Computer Supported Cooperative Work and Social Computing Companion	1
Proceedings of the 19th International Conference on Natural Language Processing (ICON)	1
Proceedings of the 2015 ACM on International Conference on Multimodal Interaction	1
Proceedings of the 2016 ACM on Multimedia Conference	1
Proceedings of the 2017 ACM Conference on Computer Supported Cooperative Work and Social Computing CSCW	1
Proceedings of the 2020 EMNLP Workshop W-NUT: The Sixth Workshop on Noisy User-generated Text	1
Proceedings of the 2021 Conference on Empirical Methods in Natural Language Processing (EMNLP)	1
Proceedings of the 20th ACM International conference on intelligent virtual agents, IVA 2020.	1
Proceedings of the 21st World Meeting on Sexual Medicine	1
Proceedings of the 50st Annual Hawaii International Conference on System Sciences (HICSS-50 2017)	1
Proceedings of the BioCreative VII Challenge Evaluation Workshop	1
Proceedings of the EARLI SIG2 Conference on Comprehension of Text and Graphics	1
Proceedings of the Fifty-First Asilomar Conference on Signals, Systems and Computers	1
Proceedings of the IEEE	1
Proceedings of the IEEE 42th International Conference on Acoustics, Speech, and Signal Processing	1
Proceedings of the National Academy of Sciences	1
Proceedings of the National Academy of Sciences of the United States of America	2
Proceedings of the SPIE Conference on Mathematical Imaging: Wavelets and Sparsity XVII	1
Proceedings of the SPIE Conference on Optical Engineering + Applications: Wavelets and Sparsity XVIII	2
Proceedings of the Twelveth IEEE International Symposium on Biomedical Imaging: From Nano to Macro (ISBI'15)	1
Progress in Oceanography	1
Progress in Orthodontics	1
Progress in tumor research	1
Progrès en urologie	3
Proteomics	1
Prévention des maladies chroniques non transmissibles: Stratégies et exemples de réalisations concrètes / Prävention von chronischen Krankheiten Strategien und Beispiele aus der Schweiz	1
Psychiatrie & Neurologie	1
Psychiatry Research: Neuroimaging	1
Psychiatry research	1
Psycho-Oncology	1
Psychological Inquiry	1
Psychological Medicine	1
Psychological inquiry	3
Psychological methods	1
Psychological review	1
Psychology of Addictive Behaviors	2
Psychology of Music	2
Psychology of Religion and Spirituality	1
Psychology of Sport and Exercise	2
Psychology of sport and exercise	2
Psychology, Health & Medicine	2
Psychomusicology	1
Psychopharmacology	1
Psychophysiology	1
Psychothérapies	1
Psychotropes	2
Public Health Nutrition	1
Public Health Panorama	1
Pédagogie médicale	12
QDRP	1
Qualitative Research in Psychology	1
Quality of Multimedia Experience (QoMEX), 2015 Seventh International Workshop on	1
Quality of life research	1
Quaternaire	2
Quaternary International	1
Quaternary geochronology	1
Quaternary international	1
Quintessence Dentisterie Restauratrice et Prothèse	1
Quintessence International	3
Quintessence international	3
Quintessence international (Hanover Park, Ill. : Online)	1
Quintessenz Zahnmedizin	5
REISO	1
REISO - Revue d'information sociale	2
RMD Open	1
RMD open	1
RSC Advances	2
Radiation Physics and Chemistry	2
Radiocarbon	2
Radiologia Medica	1
Radiology	3
Radiology Case Reports	1
Radioprotection	1
Radiotherapy and oncology	1
Raison publique	1
Raisons éducatives	1
Rapport social 2016: Bien-être	1
Re:visit	1
Recent Advances in Paediatrics, vol. 27	1
Recent Development in HPLC and UHPLC	1
Recent Understanding of Colorectal Cancer Treatment	1
Recherche en soins infirmiers	2
Rechtsmedizin	3
Redox Biology	1
Reference Module in Biomedical Sciences, from Encyclopedia of Immunobiology	1
Regards scientifiques sur l'Afrique depuis les indépendances	1
Regenerative medicine	1
Remote Sensing	1
Remote Sensing Applications: Society and Environment	1
Reproduction	1
Respiration	3
Respiration; international review of thoracic diseases	1
Resuscitation	1
Retina	4
Review of Cognitive Linguistics	2
Review of Philosophy and Psychology	1
Review of cognitive linguistics	1
Review of public personnel administration	1
Reviews of Modern Physics	1
Revista Brasileira de Educação Médica	1
Revista Espanola de Sanidad Penitenciaria	1
Revista Española de Cardiología (English ed.)	1
Revista catalana de psicoanàlisi	1
Revista de Odontologia da UNESP	2
Revista española de salud pública	1
Revista panamericana de salud pública	1
Revue Forestière Française	1
Revue Francophone Internationale de Recherche Infirmière	1
Revue Médecine et philosophie	1
Revue d'histoire contemporaine de l'Afrique	1
Revue d'histoire littéraire de la France	1
Revue d'épidémiologie et de santé publique	1
Revue de médecine périnatale	1
Revue de métaphysique et de morale	1
Revue de neuropsychologie	2
Revue de neuropsychologie, neurosciences cognitives et cliniques	1
Revue de primatologie	1
Revue des maladies respiratoires	2
Revue du rhumatisme monographies	1
Revue européenne de psychologie appliquée	1
Revue française d'allergologie	1
Revue historique de l'armée	1
Revue internationale de criminologie et de police technique	1
Revue médicale de la Suisse romande	2
Revue médicale suisse	254
Revue philosophique de la France et de l'étranger	2
Revue scientifique et technique	1
Revue suisse de zoologie	2
Rheuma Schweiz	1
Rheumatology	9
Rheumatology International	1
Rheumatology international	3
Rhinology	1
Riti, Miti, Ricorrenze. Come valorizzare il patrimonio identitario lombardo	1
Rivista di cultura classica e medioevale	1
Romanian Journal of Legal Medicine	1
Roots§routes	1
Routledge Handbook of Law and the COVID-19 Pandemic	1
Réalités cliniques	1
Réseaux	1
Réseaux médico-littéraires dans l'Entre-deux-guerres. Revues, institutions, lieux, figures	1
SLSA Annual Rapport annuel 2018	1
SLSA Annual Rapport annuel 2022	1
SLSA Annual report 2017	1
SLSA Annual report 2018	1
SLSA Annual report 2019	1
SLSA Jahresbericht - Rapport annuel 2021	1
SLSA Jahresbericht 2020	1
SLSA Rapport annuel 2014	1
SLSA Rapport annuel 2015	1
SLSA Rapport annuel 2016	1
SM Journal of Biomedical Engineering	1
SN Applied Sciences	1
SN Comprehensive Clinical Medicine	1
SPIE newsroom	1
SSP/SSTS Annual Congress 2021	1
Salento in canti	1
Santé et droit international	1
Santé et sécurité au travail à l'heure de l'industrie 4.0	1
Santé publique	1
Santé, genre et sexualités : Les masculinités au regard du (post-)colonial	1
Schizophrenia Bulletin	2
Schweizer Archiv für Neurologie und Psychiatrie	1
Schweizer Gesundheitssystem 2015-2017	1
Schweizer Krebs-Bulletin	4
Schweizer Zeitschrift für Ernährungsmedizin	1
Schweizerische Zeitschrift für Strafrecht	1
Schweizerische medizinische Wochenschrift	6
Schweizerische Ärztezeitung	6
Science	5
Science & education	1
Science & public policy	1
Science & sports	1
Science Translational Medicine	2
Science activities	1
Science and Engineering Ethics	1
Sciences Eaux et Territoires	1
Sciences sociales et santé en Afrique	1
Scientia pharmaceutica	1
Scientific Reports	8
Scientific proceedings of the 66th Annual Meeting of the American Academy of Child & Adolescent Psychiatry	1
Scientific reports	5
Scientometrics	6
Scleroderma: from pathogenesis to comprehensive management	1
Scoliosis: Diagnosis, Classification and Management Options	1
Semantic web	1
Seminario Conocimiento y Conflicto	1
Seminars in Neurology	1
Seminars in immunopathology	1
Separations	2
Seventh International Conference on Affective Computing and Intelligent Interaction	1
Sexual Development	1
Sexual medicine reviews	1
Shadows of the Soul	2
Shadows of the Soul: Philosophical Perspectives on Negative Emotions	2
Shared Decision Making in Health Care: Achieving evidence-based patient choice	1
Signal Processing Conference (EUSIPCO), 2016 24th European	1
Signaling pathways in liver diseases	1
Skeletal Muscle	1
Skeletal radiology	2
Sleep Medicine	1
Social Indicators Research	1
Social Protection & Human Rights	1
Social psychological & personality science	1
Society for Neuroscience annual meeting	1
Socioscapes	1
Société nationale française de médecine interne (SNFMI), 78ème congrès français de médecine interne	1
Société suisse d'études africaines : Newsletter	3
Soft matter	1
Soins pédiatrie	1
Southern Journal of Philosophy	1
Spectra 2000 analyse	2
Spektrum der Augenheilkunde	1
Sport Sciences for Health	1
Springer Handbook of Odor	1
Standards in Genomic Sciences	1
Statistical methods in medical research	1
Stem cell research & therapy	1
Stem cells translational medicine	2
Stereotactic and functional neurosurgery	1
Stimulationsmethoden	1
Strappato	1
Stroke	1
Structure	1
Studies in Health Technology and Informatics	1
Studies in history and philosophy of biological and biomedical sciences	1
Studies on Voltaire and the eighteenth century	1
Supercritical Fluid Chromatography	1
Supportive care in cancer	1
Survey of ophthalmology	1
Sustainability	1
Swiss Academies Reports	1
Swiss Archives of Neurology, Psychiatry and Psychotherapy	27
Swiss Congress of Internal Medicine	1
Swiss Dental Journal	4
Swiss Journal of Psychology	2
Swiss Medical Forum	16
Swiss Medical Weekly	12
Swiss Review of Military and Disaster Medicine	1
Swiss archives of neurology, psychiatry and psychotherapy	10
Swiss dental community	1
Swiss dental journal	2
Swiss journal of psychology	1
Swiss journal of sociology	1
Swiss medical forum	6
Swiss medical informatics	4
Swiss medical weekly	2
Synthese	1
Syphilis et cinéma	1
Systematic botany	1
Systematic reviews	1
Systemic Fibroinflammatory Disorders	1
Système de Santé Suisse 2015-2017	1
TBE Book	1
TOOLBOX: Pour la pratique du médecin de famille	1
Taxon	6
Techniques in coloproctology	1
Texas Heart Institute Journal	1
Textbook of Addiction Treatment: International Perspectives	1
The American Journal of Bioethics	2
The American Journal of Forensic Medicine and Pathology	1
The American journal of managed care	1
The American journal of medicine	1
The Analyst	2
The British Journal of Aesthetics	1
The Cambridge Handbook of the Sustainable Development Goals and International Law	1
The Canadian journal of addiction	2
The Cleft palate-craniofacial journal	6
The Cochrane database of systematic reviews	1
The ESC Textbook of Cardiovascular Medicine	1
The Encyclopedia of Ancient History: Asia and Africa	1
The European respiratory journal	4
The FASEB journal	1
The Historians. Saison 1. Les séries TV décryptées par les historiens	1
The Human Auditory System Fundamental Organization and Clinical Disorders	1
The International Journal of Esthetic Dentistry	2
The International Journal of Prosthodontics	16
The International journal of oral and maxillofacial implants	2
The International journal of prosthodontics	3
The Journal Of Clinical Pharmacology	1
The Journal of Allergy and Clinical Immunology: In Practice	2
The Journal of Infectious Diseases	1
The Journal of Law, Medicine & Ethics	1
The Journal of Pediatrics	3
The Journal of biological chemistry	2
The Journal of clinical investigation	2
The Journal of craniofacial surgery	2
The Journal of heart and lung transplantation	1
The Journal of nutrition, health & aging	2
The Journal of pediatrics	2
The Journal of prosthetic dentistry	1
The Junkyard : a scholarly blog devoted to the study of imagination	1
The Junkyard, a scholarly blog devoted to the study of imagination	1
The Lancet	10
The Lancet Gastroenterology & Hepatology	3
The Lancet HIV	2
The Lancet Infectious Diseases	1
The Lancet Neurology	4
The Lancet Oncology	1
The Lancet Respiratory Medicine	2
The Lancet neurology	1
The Lancet. Child & adolescent health	1
The Lancet. Diabetes & endocrinology	2
The Lancet. Diabetes & endocrinology.	1
The Lancet. Haematology	1
The Lancet. Healthy longevity	1
The Lancet. Psychiatry	1
The Laryngoscope	1
The MDPI writing prize series	1
The Monist	1
The Nature of Desire	3
The New England journal of medicine	2
The Nucleus	1
The Ontology of Emotions	1
The Ophthalmologist	1
The Oxford Handbook of Compassion Science	1
The Oxford Handbook of the Sociology of Disability	1
The Oxford compendium of visual illusions	2
The Oxford handbook of the creative process in music	1
The Oxford handbook of the philosophy of consciousness	1
The Palgrave Handbook of Affect Studies and Textual Criticism	1
The Patient - Patient-Centered Outcomes Research	1
The Prison Journal	1
The Quarterly journal of nuclear medicine and molecular imaging	1
The Routledge Companion to Bioethics	1
The Routledge Handbook of Evolution and Philosophy	1
The Routledge Handbook of Philosophy of Memory	1
The Routledge companion to embodied music interaction	1
The Thirtieth REtrieval Conference Proceedings (TREC 2021)	1
The annals of pharmacotherapy	1
The annals of thoracic surgery	2
The international journal of esthetic dentistry	5
The international journal of oral & maxillofacial implants	1
The international journal of prosthodontics	5
The journal of clinical investigation	1
The journal of infectious diseases	2
The journal of pediatric pharmacology and therapeutics	1
The journal of pediatrics	1
The journal of physiology	1
The journal of sexual medicine	1
The journal of vascular access	1
The journals of gerontology. Series A, Biological sciences and medical sciences	1
The lancet. HIV	1
The lancet. Haematology	1
The neocortex	1
The patient's wish to die: research, ethics, and palliative care	1
The science of Facial Expression	1
Theoria	1
Therapeutic Patient Education	12
Therapeutische Umschau	1
Therapy of Movement Disorders: A Case-Based Approach	1
Thinking about the Emotions	1
Thorax	1
Thought	1
Thrombosis Update	1
Thrombosis and Haemostasis	2
Thrombosis and haemostasis	12
Ticks and tick-borne diseases	1
Tidsskr Nor Legeforen	1
Timing & Time Perception	1
Titane	1
Topoi	1
TrAC Trends in Analytical Chemistry	3
Traité d'addictologie	1
Traité de nutrition clinique: à tous les âges de la vie	1
Transbordeur	1
Transfusion	2
Translational proteomics	1
Translational psychiatry	1
Transplant International	5
Transplant immunology	1
Transplant infectious disease	1
Transplant international	5
Transplantation	8
Transportation Research. A, Policy and Practice	1
Trauma Induced Coagulopathy	1
Traumatismes crânio-cérébraux	1
Traverse	1
Tremor and other hyperkinetic movements	1
Trends in Analytical Chemistry	2
Trends in Medicine	1
Trends in anaesthesia and critical care	1
Trends in cognitive sciences	1
Tribune de Geneve	1
Tropical Medicine & International Health	1
Tumor Suppressor Par-4: Structural Features, Molecular Mechanisms and Function	1
UV-B radiation and Plant Life: Molecular Biology to Ecology	1
Une histoire de l'orthopédie pédiatrique	3
Urbia	1
VASA. Zeitschrift fur Gefasskrankheiten	1
Vaccine	1
Verfassungsblog (VerfBlog)	1
VertigO	1
Veterinary ophthalmology	1
Virchows Archiv	2
Virology	1
Virus Evolution	1
Viruses	1
Visual Cognition	1
Visual cognition	1
Vojnosanitetski Pregled	1
Vojnosanitetski pregled	1
Volpe's Neurology of the Newborn	1
Vulnerability, Autonomy, and Applied Ethics (Routledge Research in Applied Ethics)	1
WCPH2020 - 16th World Congress on Public Health: Public health for the future of humanity: analysis, advocacy, and action	1
WONCA 2016	1
Warriors without Weapons: Humanitarian Action during the Spanish civil war and the Republican Exile	1
Warriors without Weapons: Humanitarian Action during the Spanish civil war and the Republican exile	1
Westworld and philosophy: if you go looking for the truth, get the whole thing	1
Wiley interdisciplinary reviews. Climate change	1
Winds of Change: Archaeological Contributions in Honour of Peter Breunig	1
Work & Stress	1
World Hospitals and Health Services	1
World Journal of Gastrointestinal Surgery	1
World Journal of Surgery	2
World Neurosurgery	5
World hospitals and health services	1
World journal of meta-analysis	1
World journal of surgery	1
World journal of surgery and surgical research	1
World neurosurgery	3
XII Jornadas APDIS - Investigação, Inovação, Intervenção: Partilha de Conhecimento em Saúde	1
XXVes Actualités du Pharo: One health, vers Une seule Santé!	1
Xenotransplantation	3
Yearbook of Medical Informatics	3
Yogurt in Health and Disease Prevention	1
Zahnärztliche Praxis	1
Zeitschrift für Gastroenterologie	2
Zeitschrift für Epileptologie	2
Zeitschrift für medizinische Physik	1
ab-Original	1
e-Journal of Cardiology Practice	1
e-Mémoires de l'Académie nationale de chirurgie	2
eLife	4
healthbook TIMES. Oncology hematology	1
in silico plants	1
iphilo - le journal des étudiants en Philosophie de l'UNIGE	2
mSystems	1
onlineacademy.ch	1
réalités cliniques	1
« Jusqu'au sombre plaisir d'un coeur mélancolique ». Etudes de littérature française du XVIIe siècle offertes à Patrick Dandrey	1
Áltera	1
Éducation thérapeutique du patient	2
Éducation, Santé, Sociétés	1
Études Épistémè	1
