Journal/Book	COUNT
A Life Course Perspective on Health Trajectories and Transitions	11
ACS Appl Bio Mater	1
ACS Appl Energy Mater	2
ACS Appl Mater Interfaces	6
ACS Catal	1
ACS Cent Sci	3
ACS Chem Biol	5
ACS Chem Neurosci	3
ACS Macro Lett	1
ACS Mater Lett	1
ACS Meas Sci Au	2
ACS Nano	9
ACS Nanosci Au	1
ACS Omega	8
ACS Org Inorg Au	2
ACS Photonics	1
ACS Sens	30
AIDS	6
AIDS Care	2
AIDS Res Hum Retroviruses	2
AIDS Res Ther	1
AJNR Am J Neuroradiol	7
AJOB Neurosci	1
ARYA Atheroscler	1
ASAIO J	2
ASN Neuro	1
ATS Sch	1
Acad Emerg Med	1
Acad Psychiatry	1
Acad Radiol	1
Acc Chem Res	8
Accid Anal Prev	1
Account Res	1
Acta Anaesthesiol Scand	4
Acta Biomater	3
Acta Biomed	1
Acta Biotheor	1
Acta Chir Belg	1
Acta Crystallogr A Found Adv	2
Acta Crystallogr B Struct Sci Cryst Eng Mater	2
Acta Crystallogr C Struct Chem	3
Acta Derm Venereol	1
Acta Diabetol	1
Acta Gastroenterol Belg	1
Acta Haematol	1
Acta Neurochir (Wien)	18
Acta Neurochir Suppl	1
Acta Neuropathol	2
Acta Oncol	2
Acta Ophthalmol	3
Acta Orthop	1
Acta Paediatr	3
Acta Physiol (Oxf)	1
Acta Psychiatr Scand	2
Acta Psychol (Amst)	6
Acta Radiol	3
Acta Radiol Open	2
Actas Esp Psiquiatr	1
Addict Behav	4
Addict Behav Rep	1
Addiction	2
Adv Clin Chem	1
Adv Colloid Interface Sci	1
Adv Drug Deliv Rev	2
Adv Exp Med Biol	7
Adv Life Course Res	3
Adv Mater	8
Adv Med Educ Pract	1
Adv Methods Pract Psychol Sci	1
Adv Nutr	1
Adv Parasitol	1
Adv Radiat Oncol	1
Adv Sci (Weinh)	1
Adv Skin Wound Care	1
Adv Ther	2
Adv Wound Care (New Rochelle)	3
Affect Sci	2
Afr J Paediatr Surg	1
Age Ageing	6
Ageing Res Rev	3
Aging (Albany NY)	2
Aging Clin Exp Res	15
Aging Ment Health	7
Alcohol Clin Exp Res	1
Aliment Pharmacol Ther	5
Allergo J	1
Allergol Int	1
Allergol Select	2
Allergy	4
Alzheimer Dis Assoc Disord	3
Alzheimers Dement	9
Alzheimers Dement (Amst)	2
Alzheimers Res Ther	5
Am Behav Sci	1
Am Heart J	3
Am J Bioeth	3
Am J Bot	2
Am J Cancer Res	1
Am J Cardiol	9
Am J Case Rep	3
Am J Clin Hypn	1
Am J Clin Nutr	3
Am J Clin Oncol	1
Am J Dent	1
Am J Disaster Med	1
Am J Emerg Med	1
Am J Epidemiol	1
Am J Gastroenterol	1
Am J Geriatr Psychiatry	2
Am J Health Syst Pharm	2
Am J Hematol	2
Am J Hum Biol	2
Am J Hum Genet	16
Am J Infect Control	3
Am J Kidney Dis	1
Am J Law Med	1
Am J Med	4
Am J Med Genet A	4
Am J Med Sci	1
Am J Nucl Med Mol Imaging	1
Am J Obstet Gynecol	4
Am J Obstet Gynecol MFM	1
Am J Ophthalmol	4
Am J Ophthalmol Case Rep	1
Am J Orthod Dentofacial Orthop	4
Am J Orthopsychiatry	1
Am J Pathol	1
Am J Perinatol	1
Am J Physiol Endocrinol Metab	1
Am J Physiol Heart Circ Physiol	3
Am J Physiol Lung Cell Mol Physiol	4
Am J Physiol Regul Integr Comp Physiol	1
Am J Physiol Renal Physiol	1
Am J Public Health	2
Am J Reprod Immunol	1
Am J Respir Cell Mol Biol	1
Am J Respir Crit Care Med	2
Am J Speech Lang Pathol	1
Am J Sports Med	4
Am J Surg	1
Am J Transplant	5
Am J Trop Med Hyg	6
Am Psychol	1
Ambio	3
Amyotroph Lateral Scler Frontotemporal Degener	1
An Acad Bras Cienc	3
Anaesth Crit Care Pain Med	16
Anaesthesia	3
Anaesthesiol Intensive Ther	1
Anal Bioanal Chem	16
Anal Biochem	3
Anal Chem	51
Anal Chim Acta	12
Anal Sci Adv	1
Analyst	3
Anat Sci Educ	1
Anatol J Cardiol	2
Anesth Analg	9
Anesthesiology	8
Angew Chem Int Ed Engl	57
Angew Chem Weinheim Bergstr Ger	1
Angiogenesis	1
Ann Am Thorac Soc	1
Ann Biol Clin (Paris)	1
Ann Bot	1
Ann Cardiol Angeiol (Paris)	1
Ann Chir Plast Esthet	2
Ann Clin Biochem	1
Ann Clin Transl Neurol	2
Ann Endocrinol (Paris)	3
Ann Gastroenterol	1
Ann Geriatr Med Res	1
Ann Glob Health	2
Ann Hematol	2
Ann Henri Poincare	2
Ann Hum Biol	1
Ann Intensive Care	9
Ann Intern Med	3
Ann Ist Super Sanita	2
Ann Med Surg (Lond)	2
Ann N Y Acad Sci	16
Ann Neurol	7
Ann Nucl Med	1
Ann Occup Hyg	1
Ann Oncol	15
Ann Pharm Fr	3
Ann Pharmacother	2
Ann Phys Rehabil Med	2
Ann Plast Surg	1
Ann Rheum Dis	16
Ann Surg	3
Ann Thorac Surg	5
Ann Transl Med	6
Ann Work Expo Health	4
Annu Rev Chem Biomol Eng	1
Annu Rev Psychol	1
Anthropol Anz	2
Antibiotics (Basel)	4
Antibodies (Basel)	1
Anticancer Drugs	1
Anticancer Res	3
Antimicrob Agents Chemother	6
Antimicrob Resist Infect Control	7
Antivir Ther	3
Aphasiology	2
Apoptosis	3
Appetite	5
Appl Environ Microbiol	2
Appl Microbiol Biotechnol	1
Appl Neuropsychol Adult	6
Appl Neuropsychol Child	4
Appl Physiol Nutr Metab	1
Appl Psychol Health Well Being	3
Appl Psychophysiol Biofeedback	3
Appl Radiat Isot	1
Appl Transl Genom	1
Aquat Toxicol	9
Arch Cardiovasc Dis	1
Arch Clin Neuropsychol	2
Arch Dis Child	3
Arch Environ Contam Toxicol	2
Arch Gerontol Geriatr	4
Arch Gynecol Obstet	2
Arch Orthop Trauma Surg	1
Arch Osteoporos	3
Arch Pediatr	6
Arch Phys Med Rehabil	2
Arch Sex Behav	1
Arch Suicide Res	1
Arch Virol	1
Arq Bras Cardiol	1
Arq Neuropsiquiatr	1
Arrhythm Electrophysiol Rev	1
Arterioscler Thromb Vasc Biol	4
Arthritis Care Res (Hoboken)	5
Arthritis Res Ther	2
Arthritis Rheumatol	6
Arthrosc Sports Med Rehabil	3
Arthrosc Tech	4
Arthroscopy	8
Artif Intell Med	1
Artif Life	1
Asia Pac J Ophthalmol (Phila)	1
Asia Pac J Public Health	1
Asian Cardiovasc Thorac Ann	1
Assessment	1
Astrobiology	1
Astron Astrophys Suppl Ser	1
Astrophys J	1
Astrophys J Lett	1
Atheroscler Suppl	1
Atherosclerosis	10
Attach Hum Dev	2
Atten Percept Psychophys	8
Audiol Neurootol	1
Auris Nasus Larynx	2
Aust N Z J Psychiatry	1
Aust Vet J	1
Autism Res	1
Autoimmun Rev	4
Autophagy	2
BJOG	2
BJPsych Int	1
BJS Open	2
BMC Anesthesiol	2
BMC Bioinformatics	5
BMC Biol	6
BMC Cancer	9
BMC Cardiovasc Disord	1
BMC Emerg Med	1
BMC Evol Biol	4
BMC Fam Pract	1
BMC Genet	1
BMC Genomics	6
BMC Geriatr	12
BMC Health Serv Res	12
BMC Infect Dis	7
BMC Med	10
BMC Med Educ	3
BMC Med Ethics	7
BMC Med Genet	1
BMC Med Imaging	1
BMC Med Inform Decis Mak	2
BMC Med Res Methodol	1
BMC Mol Cell Biol	3
BMC Musculoskelet Disord	2
BMC Nephrol	4
BMC Neurol	2
BMC Neurosci	1
BMC Nutr	1
BMC Palliat Care	1
BMC Pediatr	2
BMC Plant Biol	1
BMC Pregnancy Childbirth	5
BMC Prim Care	2
BMC Psychiatry	12
BMC Psychol	1
BMC Public Health	20
BMC Pulm Med	3
BMC Res Notes	2
BMC Womens Health	2
BMJ	20
BMJ Case Rep	10
BMJ Evid Based Med	1
BMJ Glob Health	17
BMJ Med	1
BMJ Open	55
BMJ Open Gastroenterol	1
BMJ Open Respir Res	1
BMJ Open Sport Exerc Med	2
BMJ Paediatr Open	1
BMJ Sex Reprod Health	2
Basic Clin Pharmacol Toxicol	4
Behav Brain Res	3
Behav Brain Sci	4
Behav Neurol	1
Behav Res Methods	5
Behav Res Ther	4
Beilstein J Org Chem	5
Best Pract Res Clin Endocrinol Metab	1
Best Pract Res Clin Gastroenterol	1
Best Pract Res Clin Obstet Gynaecol	2
Best Pract Res Clin Rheumatol	1
Biling (Camb Engl)	5
Bioanalysis	3
Biochem Biophys Rep	2
Biochem Biophys Res Commun	4
Biochem J	1
Biochem Soc Trans	2
Biochemistry (Mosc)	1
Biochim Biophys Acta	2
Biochim Biophys Acta Bioenerg	2
Biochim Biophys Acta Biomembr	1
Biochim Biophys Acta Gen Subj	1
Biochim Biophys Acta Mol Cell Res	1
Biochim Biophys Acta Proteins Proteom	1
Biochimie	2
Bioconjug Chem	6
Biodivers Data J	1
Bioengineering (Basel)	4
Bioessays	5
Bioethics	4
Bioinform Adv	1
Bioinformatics	9
Bioinformation	1
Biointerphases	1
Biol Lett	1
Biol Open	1
Biol Psychiatry	5
Biol Psychiatry Cogn Neurosci Neuroimaging	2
Biol Psychiatry Glob Open Sci	2
Biol Psychol	15
Biol Trace Elem Res	1
Biologicals	1
Biology (Basel)	7
Biomed Chromatogr	1
Biomed Eng Online	1
Biomed Hub	1
Biomed Mater	1
Biomed Opt Express	6
Biomed Pharmacother	1
Biomed Phys Eng Express	1
Biomed Res Int	9
Biomedicines	8
Biomol NMR Assign	1
Biomolecules	8
Bioorg Chem	1
Bioorg Med Chem	4
Bioorg Med Chem Lett	4
Biophys Chem	1
Biophys J	7
Biopolymers	1
Biopreserv Biobank	1
Biosci Rep	1
Biosens Bioelectron	3
Biosensors (Basel)	4
Biotechniques	1
Birth	1
Blood	5
Blood Adv	2
Blood Cells Mol Dis	1
Blood Coagul Fibrinolysis	1
Blood Transfus	3
Bone	3
Bone Joint J	3
Bone Joint Res	1
Bone Jt Open	1
Bone Marrow Transplant	15
Borderline Personal Disord Emot Dysregul	2
Br Dent J	2
Br J Anaesth	17
Br J Cancer	6
Br J Clin Pharmacol	5
Br J Dermatol	4
Br J Educ Psychol	1
Br J Ophthalmol	2
Br J Oral Maxillofac Surg	1
Br J Pharmacol	2
Br J Psychiatry	5
Br J Psychol	1
Br J Radiol	3
Br J Soc Psychol	2
Br J Sociol	1
Br J Sports Med	4
Br J Surg	2
Brain	12
Brain Behav	6
Brain Behav Evol	1
Brain Behav Immun	2
Brain Circ	1
Brain Cogn	4
Brain Connect	5
Brain Imaging Behav	4
Brain Inj	4
Brain Lang	5
Brain Res	4
Brain Sci	9
Brain Spine	9
Brain Stimul	8
Brain Struct Funct	6
Brain Topogr	10
Breast	10
Breast Cancer	2
Breast Cancer Res	3
Breast Cancer Res Treat	7
Breast Care (Basel)	2
Breast Dis	1
Breastfeed Med	1
Brief Bioinform	2
Bull Cancer	16
Bull Menninger Clin	1
Bull Volcanol	1
Bull World Health Organ	4
Burns	2
C R Biol	2
CJC Open	3
CJC Pediatr Congenit Heart Dis	1
CJEM	3
CMAJ	2
CNS Drugs	1
CNS Oncol	1
CRISPR J	2
CRSLS	1
Cad Saude Publica	1
Calcif Tissue Int	4
Camb Prism Precis Med	1
Can J Anaesth	2
Can J Cardiol	9
Can J Diabetes	2
Can J Hosp Pharm	2
Can Med Educ J	1
Can Urol Assoc J	1
Cancer	2
Cancer Cell	1
Cancer Cell Int	1
Cancer Chemother Pharmacol	1
Cancer Cytopathol	3
Cancer Discov	1
Cancer Epidemiol	1
Cancer Epidemiol Biomarkers Prev	1
Cancer Genomics Proteomics	2
Cancer Immunol Immunother	3
Cancer Inform	1
Cancer Invest	1
Cancer J	1
Cancer Lett	2
Cancer Med	2
Cancer Nanotechnol	1
Cancer Radiother	7
Cancer Rep (Hoboken)	1
Cancer Res	1
Cancer Treat Rev	9
Cancers (Basel)	20
Carbohydr Polym	2
Card Electrophysiol Clin	1
Cardiol J	5
Cardiol Res	1
Cardiol Res Pract	1
Cardiol Young	1
Cardiology	1
Cardiorenal Med	1
Cardiovasc Intervent Radiol	1
Cardiovasc Res	4
Cardiovasc Revasc Med	3
Case Rep Crit Care	1
Case Rep Dent	2
Case Rep Gastroenterol	2
Case Rep Gastrointest Med	1
Case Rep Obstet Gynecol	3
Case Rep Oncol	6
Case Rep Orthop	3
Case Rep Psychiatry	1
Case Rep Radiol	1
Case Rep Urol	1
Case Rep Womens Health	1
Catheter Cardiovasc Interv	5
Cell	7
Cell Adh Migr	1
Cell Chem Biol	1
Cell Death Differ	6
Cell Death Dis	2
Cell Death Discov	2
Cell Metab	3
Cell Microbiol	1
Cell Mol Life Sci	6
Cell Mol Neurobiol	1
Cell Physiol Biochem	1
Cell Rep	14
Cell Rep Med	1
Cell Rep Methods	1
Cell Stem Cell	1
Cell Stress Chaperones	1
Cell Syst	1
CellR4 Repair Replace Regen Reprogram	1
Cells	6
Cent Asian J Glob Health	1
Cent European J Urol	1
Cephalalgia	1
Cereb Cortex	19
Cereb Cortex Commun	1
Cerebellum	2
Chaos	2
Chem Asian J	2
Chem Biodivers	2
Chem Biol Drug Des	1
Chem Biol Interact	2
Chem Commun (Camb)	19
Chem Mater	1
Chem Res Toxicol	2
Chem Rev	3
Chem Sci	46
Chem Senses	4
Chem Soc Rev	2
ChemCatChem	1
ChemRxiv	1
ChemSusChem	3
Chembiochem	9
Chemistry	44
ChemistryOpen	3
Chemosphere	16
Chemphyschem	4
Chempluschem	3
Chest	3
Child Abuse Negl	1
Child Care Health Dev	1
Child Dev	2
Child Neuropsychol	3
Child Psychiatry Hum Dev	1
Children (Basel)	10
Childs Nerv Syst	3
Chimia (Aarau)	50
Chin J Integr Med	1
Chirality	2
Chromosoma	1
Circ Cardiovasc Interv	3
Circ Res	3
Circulation	9
Cleft Palate Craniofac J	1
Cleve Clin J Med	1
Clim Change	2
Clim Dyn	1
Climacteric	1
Clin Anat	1
Clin Auton Res	1
Clin Biochem	1
Clin Cancer Res	5
Clin Cardiol	4
Clin Case Rep	1
Clin Chim Acta	1
Clin Colorectal Cancer	1
Clin Drug Investig	1
Clin Endocrinol (Oxf)	1
Clin Epidemiol	1
Clin Epigenetics	3
Clin Exp Dent Res	4
Clin Exp Gastroenterol	1
Clin Exp Rheumatol	1
Clin Genet	4
Clin Genitourin Cancer	3
Clin Gerontol	1
Clin Hemorheol Microcirc	1
Clin Imaging	1
Clin Implant Dent Relat Res	5
Clin Infect Dis	20
Clin Interv Aging	1
Clin J Am Soc Nephrol	5
Clin Kidney J	4
Clin Linguist Phon	6
Clin Liver Dis (Hoboken)	2
Clin Lung Cancer	3
Clin Med Insights Reprod Health	1
Clin Microbiol Infect	39
Clin Microbiol Rev	1
Clin Mol Hepatol	1
Clin Neurol Neurosurg	2
Clin Neurophysiol	16
Clin Neurophysiol Pract	8
Clin Neuropsychol	1
Clin Neuroradiol	1
Clin Nucl Med	1
Clin Nutr	12
Clin Nutr ESPEN	4
Clin Nutr Exp	1
Clin Obes	1
Clin Obstet Gynecol	1
Clin Oncol (R Coll Radiol)	4
Clin Oral Implants Res	13
Clin Oral Investig	6
Clin Orthop Relat Res	1
Clin Pharmacokinet	4
Clin Pharmacol Ther	2
Clin Pract	1
Clin Pract Cases Emerg Med	1
Clin Psychol Eur	1
Clin Psychol Psychother	1
Clin Psychol Rev	2
Clin Psychol Sci	1
Clin Rehabil	1
Clin Res Cardiol	2
Clin Res Hepatol Gastroenterol	2
Clin Rev Allergy Immunol	1
Clin Rheumatol	3
Clin Spine Surg	1
Clin Ter	2
Clin Ther	1
Clin Transl Allergy	1
Clin Transl Gastroenterol	1
Clin Transl Med	1
Clin Transl Oncol	5
Clin Transl Sci	2
Clin Transplant	3
Clin Vaccine Immunol	1
Cochrane Database Syst Rev	5
Cogn Affect Behav Neurosci	3
Cogn Behav Neurol	1
Cogn Dev	1
Cogn Emot	13
Cogn Neuropsychiatry	1
Cogn Neuropsychol	1
Cogn Neurosci	2
Cogn Process	4
Cogn Psychol	1
Cogn Sci	4
Cognit Ther Res	2
Cognition	23
Cold Spring Harb Perspect Biol	1
Cold Spring Harb Perspect Med	2
Cold Spring Harb Symp Quant Biol	1
Colloids Surf B Biointerfaces	1
Colorectal Dis	7
Commun Biol	11
Commun Integr Biol	1
Commun Math Phys	5
Community Ment Health J	2
Comp Polit Stud	1
Compend Contin Educ Dent	1
Compet Change	1
Complement Ther Clin Pract	1
Complement Ther Med	1
Complex Psychiatry	1
Complex speech-language therapy interventions for stroke-related aphasia: the RELEASE study incorporating a systematic review and individual participant data network meta-analysis	1
Compr Psychiatry	2
Comput Biol Med	4
Comput Commun	1
Comput Med Imaging Graph	1
Comput Methods Programs Biomed	2
Confl Health	10
Conscious Cogn	7
Conserv Biol	2
Cont Lens Anterior Eye	1
Contact Dermatitis	2
Contemp Clin Trials Commun	2
Contracept Reprod Med	1
Contraception	1
Contrast Media Mol Imaging	1
Contrib Nephrol	1
Cornea	6
Cortex	19
Crim Law Philos	1
Crit Care	22
Crit Care Explor	1
Crit Care Med	8
Crit Rev Microbiol	1
Crit Rev Oncol Hematol	11
Cryobiology	1
Cureus	1
Curr Aging Sci	1
Curr Allergy Asthma Rep	1
Curr Alzheimer Res	1
Curr Biol	5
Curr Cardiol Rep	2
Curr Diabetes Rev	1
Curr Drug Metab	1
Curr Eye Res	1
Curr Genet	1
Curr Hepatol Rep	1
Curr Hypertens Rep	1
Curr Issues Mol Biol	2
Curr Med Chem	1
Curr Med Res Opin	4
Curr Neurol Neurosci Rep	1
Curr Neuropharmacol	1
Curr Oncol	4
Curr Oncol Rep	4
Curr Opin Cell Biol	1
Curr Opin Chem Biol	5
Curr Opin Clin Nutr Metab Care	3
Curr Opin Hematol	1
Curr Opin Immunol	1
Curr Opin Infect Dis	3
Curr Opin Insect Sci	1
Curr Opin Lipidol	1
Curr Opin Microbiol	1
Curr Opin Nephrol Hypertens	2
Curr Opin Neurobiol	2
Curr Opin Neurol	5
Curr Opin Ophthalmol	1
Curr Opin Plant Biol	3
Curr Opin Psychiatry	1
Curr Opin Psychol	2
Curr Opin Rheumatol	1
Curr Opin Urol	1
Curr Opin Virol	1
Curr Osteoporos Rep	1
Curr Otorhinolaryngol Rep	1
Curr Pharm Biotechnol	1
Curr Pharm Des	2
Curr Pharm Teach Learn	1
Curr Protoc	2
Curr Psychiatry Rep	1
Curr Res Ecol Soc Psychol	1
Curr Res Transl Med	1
Curr Rheumatol Rep	1
Curr Ther Res Clin Exp	1
Curr Top Behav Neurosci	2
Curr Treat Options Gastroenterol	1
Curr Treat Options Oncol	2
Curr Vasc Pharmacol	1
Curr Zool	1
Cyberpsychol Behav Soc Netw	1
Cytokine	1
Cytometry B Clin Cytom	1
Cytoskeleton (Hoboken)	1
Dalton Trans	15
Data Brief	9
Death Stud	1
Dement Geriatr Cogn Dis Extra	3
Dement Geriatr Cogn Disord	6
Dementia (London)	2
Demography	2
Dent Mater	2
Dentomaxillofac Radiol	1
Depress Anxiety	1
Dermatol Surg	1
Dermatol Ther (Heidelb)	1
Dermatology	1
Dermatopathology (Basel)	1
Dev Biol	3
Dev Cell	3
Dev Cogn Neurosci	5
Dev Comp Immunol	1
Dev Growth Differ	1
Dev Med Child Neurol	2
Dev Neuropsychol	1
Dev Psychol	6
Dev Psychopathol	1
Dev Sci	4
Development	2
Diabet Foot Ankle	1
Diabet Med	2
Diabetes	8
Diabetes Care	4
Diabetes Metab Res Rev	6
Diabetes Obes Metab	5
Diabetes Res Clin Pract	1
Diabetes Spectr	1
Diabetologia	5
Diagn Microbiol Infect Dis	1
Diagnostics (Basel)	2
Dialogues Clin Neurosci	4
Dig Dis Sci	1
Dig Liver Dis	4
Digestion	2
Digit Health	3
Dis Colon Rectum	1
Disabil Rehabil	1
Disaster Med Public Health Prep	1
Discov Ment Health	1
Diving Hyperb Med	3
Drug Alcohol Depend	1
Drug Deliv	1
Drug Deliv Transl Res	1
Drug Des Devel Ther	1
Drug Dev Res	1
Drug Discov Today	1
Drug Discov Today Technol	1
Drug Saf Case Rep	1
Drug Test Anal	5
Drugs	1
Drugs Aging	3
Drugs Context	1
Dtsch Arztebl Int	1
Dysphagia	1
EBioMedicine	7
EClinicalMedicine	2
EFORT Open Rev	9
EJHaem	2
EJNMMI Phys	1
EJNMMI Radiopharm Chem	1
EJNMMI Res	1
EJVES Vasc Forum	1
EMBO J	3
EMBO Mol Med	2
EMBO Rep	5
ESC Heart Fail	2
ESMO Open	10
EURASIP J Inf Secur	1
Early Hum Dev	2
Early Interv Psychiatry	1
Earth Syst Environ	1
Eat Behav	1
Eat Weight Disord	2
Ecography	1
Ecol Evol	4
Ecol Lett	1
Econ Ind Democr	1
Ecosystems	2
Ecotoxicol Environ Saf	3
Electrophoresis	1
Elife	15
Emerg Med J	1
Emerg Radiol	2
Emergencias	1
Emot Rev	1
Emotion	5
Encephale	5
Endocr Connect	1
Endocr Dev	1
Endocr Relat Cancer	2
Endocr Rev	1
Endocrine	5
Endocrinology	1
Endosc Int Open	1
Endosc Ultrasound	1
Endoscopy	6
Energies (Basel)	1
Energy Res Soc Sci	1
Ensuring innovation in diagnostics for bacterial infection: Implications for policy	1
Entropy (Basel)	16
Environ Health	1
Environ Int	8
Environ Manage	2
Environ Microbiol	5
Environ Monit Assess	1
Environ Pollut	10
Environ Res	3
Environ Res Lett	1
Environ Sci Nano	2
Environ Sci Policy	1
Environ Sci Pollut Res Int	18
Environ Sci Process Impacts	4
Environ Sci Technol	20
Environ Toxicol Chem	6
Epidemics	1
Epidemiol Infect	2
Epidemiol Psychiatr Sci	2
Epidemiologia (Basel)	14
Epigenetics Chromatin	1
Epigenomics	1
Epilepsia	5
Epilepsy Behav	3
Ergonomics	2
Erkenntnis	1
Essays Biochem	1
Ethics Hum Res	1
Eur Addict Res	2
Eur Ann Otorhinolaryngol Head Neck Dis	1
Eur Arch Otorhinolaryngol	9
Eur Arch Psychiatry Clin Neurosci	4
Eur Child Adolesc Psychiatry	7
Eur Eat Disord Rev	6
Eur Geriatr Med	5
Eur Heart J	33
Eur Heart J Acute Cardiovasc Care	3
Eur Heart J Cardiovasc Imaging	2
Eur Heart J Cardiovasc Pharmacother	3
Eur Heart J Case Rep	2
Eur Heart J Digit Health	1
Eur Heart J Qual Care Clin Outcomes	1
Eur J Ageing	13
Eur J Anaesthesiol	23
Eur J Appl Physiol	9
Eur J Cancer	19
Eur J Cancer Care (Engl)	1
Eur J Cardiothorac Surg	7
Eur J Case Rep Intern Med	1
Eur J Clin Invest	10
Eur J Clin Microbiol Infect Dis	3
Eur J Clin Nutr	3
Eur J Clin Pharmacol	5
Eur J Contracept Reprod Health Care	1
Eur J Emerg Med	1
Eur J Epidemiol	2
Eur J Gastroenterol Hepatol	3
Eur J Gen Pract	1
Eur J Haematol	1
Eur J Heart Fail	1
Eur J Hosp Pharm	10
Eur J Hum Genet	5
Eur J Immunol	3
Eur J Intern Med	8
Eur J Med Chem	6
Eur J Med Genet	2
Eur J Neurol	10
Eur J Neurosci	8
Eur J Nucl Med Mol Imaging	11
Eur J Nutr	4
Eur J Obstet Gynecol Reprod Biol	7
Eur J Ophthalmol	3
Eur J Oral Sci	1
Eur J Orthod	1
Eur J Orthop Surg Traumatol	2
Eur J Paediatr Neurol	1
Eur J Pain	3
Eur J Pediatr	12
Eur J Pharm Biopharm	14
Eur J Pharm Sci	6
Eur J Pharmacol	1
Eur J Philos	1
Eur J Philos Sci	2
Eur J Phys Rehabil Med	1
Eur J Polit Res	1
Eur J Popul	1
Eur J Prev Cardiol	1
Eur J Protistol	11
Eur J Psychol	1
Eur J Psychotraumatol	2
Eur J Public Health	1
Eur J Radiol	6
Eur J Surg Oncol	3
Eur J Trauma Emerg Surg	1
Eur J Vasc Endovasc Surg	1
Eur Neurol	2
Eur Neuropsychopharmacol	5
Eur Phys J C Part Fields	131
Eur Phys J D At Mol Opt Phys	1
Eur Phys J E Soft Matter	1
Eur Phys J Spec Top	1
Eur Psychiatry	6
Eur Radiol	6
Eur Radiol Exp	2
Eur Respir J	9
Eur Respir Rev	1
Eur Rev Med Pharmacol Sci	1
Eur Spine J	4
Eur Stroke J	3
Eur Urol	9
Eur Urol Focus	6
Eur Urol Oncol	3
Eur Urol Open Sci	2
Euro Surveill	2
EuroIntervention	6
Europace	1
Evid Based Complement Alternat Med	1
Evol Bioinform Online	1
Evol Lett	1
Evolution (N Y)	1
Exp Aging Res	1
Exp Astron (Dordr)	4
Exp Brain Res	7
Exp Dermatol	2
Exp Eye Res	3
Exp Gerontol	3
Exp Hematol Oncol	1
Exp Physiol	1
Exp Psychol	1
Exp Suppl	1
Expert Opin Drug Deliv	4
Expert Opin Drug Metab Toxicol	1
Expert Opin Drug Saf	1
Expert Opin Investig Drugs	1
Expert Opin Ther Pat	1
Expert Rev Anti Infect Ther	3
Expert Rev Anticancer Ther	1
Expert Rev Cardiovasc Ther	2
Expert Rev Clin Immunol	1
Expert Rev Clin Pharmacol	1
Expert Rev Med Devices	1
Expert Rev Mol Diagn	1
Expert Rev Neurother	2
Expert Rev Pharmacoecon Outcomes Res	2
Expert Rev Precis Med Drug Dev	1
Explor Target Antitumor Ther	1
Extremes (Boston)	1
Eye (Lond)	1
Eye Vis (Lond)	4
F1000Res	5
FASEB J	2
FEBS J	2
FEBS Lett	1
FEMS Microbiol Ecol	2
FEMS Microbiol Rev	1
Facies	1
Fam Process	6
Faraday Discuss	2
Food Chem Toxicol	1
Food Microbiol	1
Foot Ankle Clin	1
Foot Ankle Int	1
Foot Ankle Surg	1
Forensic Sci Int	8
Forensic Sci Med Pathol	1
Forensic Sci Res	5
Found Phys	2
Fragility Fracture Nursing: Holistic Care and Management of the Orthogeriatric Patient	1
Free Radic Biol Med	2
Front Aging	1
Front Aging Neurosci	6
Front Artif Intell	5
Front Behav Neurosci	3
Front Big Data	1
Front Bioeng Biotechnol	10
Front Biosci (Elite Ed)	1
Front Cardiovasc Med	6
Front Cell Dev Biol	7
Front Cell Infect Microbiol	6
Front Chem	7
Front Clin Diabetes Healthc	1
Front Comput Neurosci	3
Front Digit Health	2
Front Ecol Evol	1
Front Endocrinol (Lausanne)	6
Front Genet	6
Front Glob Womens Health	2
Front Hum Neurosci	19
Front Immunol	24
Front Med (Lausanne)	16
Front Microbiol	13
Front Mol Neurosci	3
Front Neural Circuits	1
Front Neuroergon	1
Front Neurol	15
Front Neurorobot	3
Front Neurosci	20
Front Nutr	3
Front Oncol	19
Front Oral Health	1
Front Pain Res (Lausanne)	1
Front Pediatr	8
Front Pharmacol	7
Front Physiol	11
Front Plant Sci	8
Front Psychiatry	34
Front Psychol	89
Front Public Health	24
Front Radiol	1
Front Rehabil Sci	2
Front Reprod Health	1
Front Sports Act Living	1
Front Surg	5
Front Syst Neurosci	2
Front Toxicol	1
Frontline Gastroenterol	1
Fungal Biol	1
Fungal Genet Biol	1
Future Med Chem	1
Future Oncol	2
G Ital Cardiol (Rome)	1
G3 (Bethesda)	1
Gac Sanit	1
Gait Posture	3
Games Health J	2
Gastroenterol Res Pract	1
Gastroenterology	9
Gastrointest Endosc	1
Gastrointest Tumors	1
Gates Open Res	1
Gen Hosp Psychiatry	1
Gen Relativ Gravit	2
Gene	1
Gene Expr Patterns	1
Gene Regul Syst Bio	1
Gene Ther	1
Genes (Basel)	3
Genes Dev	5
Genet Med	9
Genetics	2
Geneva Pap Risk Insur Issues Pract	1
Genome Biol	2
Genome Biol Evol	2
Genome Med	2
Genome Res	6
Geobiology	5
Geom Dedic	1
Geophys Res Lett	3
Geostand Geoanal Res	1
Geriatr Gerontol Int	2
Geriatr Nurs	1
Geriatrics (Basel)	1
Gerodontology	1
Gerontologist	1
Gerontology	8
Gesundheitswesen	1
Gigascience	1
Gland Surg	2
Glob Cardiol Sci Pract	1
Glob Chall	1
Glob Chang Biol	5
Glob Financ J	1
Glob Health Action	2
Glob Health Med	1
Glob Health Res Policy	1
Glob Health Sci Pract	1
Glob Heart	1
Glob Ment Health (Camb)	1
Glob Policy	1
Global Health	1
Global Spine J	7
Glycobiology	2
Glycoconj J	1
Graefes Arch Clin Exp Ophthalmol	1
Gut	4
Gynecol Endocrinol	2
Gynecol Obstet Fertil	2
Gynecol Oncol	2
HIV Med	6
HLA	1
HPB (Oxford)	5
Haematologica	7
Haemophilia	10
Hand Surg Rehabil	5
Handb Clin Neurol	4
Handb Exp Pharmacol	1
Handchir Mikrochir Plast Chir	1
Harm Reduct J	2
Harmful Algae	1
Hawaii J Med Public Health	1
Head Neck	2
Head Neck Pathol	1
Headache	2
Health (London)	1
Health Commun	1
Health Data Sci	1
Health Informatics J	1
Health Place	2
Health Policy Plan	4
Health Promot Int	3
Health Promot Perspect	3
Health Psychol Behav Med	1
Health Psychol Open	1
Health Psychol Rep	1
Health Psychol Res	1
Health Psychol Rev	1
Health Qual Life Outcomes	5
Health Res Policy Syst	1
Health Sociol Rev	1
Health Syst Reform	1
Healthc Technol Lett	1
Healthcare (Basel)	6
Heart	6
Heart Lung Circ	1
Heart Rhythm	1
HeartRhythm Case Rep	4
Heliyon	7
Hemasphere	1
Hematol Oncol	1
Hepat Oncol	1
Hepatology	6
Heredity (Edinb)	1
High Alt Med Biol	4
Hist Philos Life Sci	2
Hist Sci	1
Histopathology	1
Horm Res Paediatr	1
Hortic Res	2
Hosp Pharm	2
Hosp Top	1
Hum Brain Mapp	18
Hum Genet	4
Hum Genomics	2
Hum Mol Genet	7
Hum Mov Sci	1
Hum Mutat	4
Hum Reprod	4
Hum Reprod Update	1
Hum Resour Health	1
Hum Vaccin Immunother	4
Humanit Soc Sci Commun	1
Hydrol Process	1
Hypertension	1
IDCases	2
ISME Commun	1
ISME J	3
IUCrJ	1
Immunity	1
Immunobiology	1
Immunogenetics	1
Immunol Cell Biol	1
Immunotargets Ther	1
Implement Sci	2
Implement Sci Commun	1
In Vivo	1
Ind Health	1
Indian J Med Res	1
Indian Pacing Electrophysiol J	1
Infancy	1
Infant Behav Dev	4
Infant Ment Health J	2
Infect Chemother	1
Infect Dis (Lond)	1
Infect Dis Now	1
Infect Dis Ther	2
Infect Drug Resist	1
Infect Genet Evol	2
Infect Immun	1
Inflamm Bowel Dis	1
Inflamm Intest Dis	1
Influenza Other Respir Viruses	1
Injury	3
Innov Surg Sci	1
Innovations (Phila)	1
Inorg Chem	26
Inquiry	1
Insights Imaging	3
Int Arch Occup Environ Health	3
Int Clin Psychopharmacol	1
Int Dent J	3
Int Forum Allergy Rhinol	1
Int Immunopharmacol	1
Int J Adolesc Med Health	1
Int J Antimicrob Agents	7
Int J Artif Organs	2
Int J Behav Nutr Phys Act	1
Int J Billing	1
Int J Biochem Cell Biol	11
Int J Biomater	1
Int J Biometeorol	2
Int J Bioprint	1
Int J Bipolar Disord	1
Int J Cancer	5
Int J Cardiol	23
Int J Cardiol Congenit Heart Dis	1
Int J Cardiovasc Imaging	2
Int J Clin Health Psychol	2
Int J Clin Pharm	3
Int J Colorectal Dis	5
Int J Comput Assist Radiol Surg	10
Int J Disaster Risk Reduct	1
Int J Drug Policy	1
Int J Earth Sci	2
Int J Eat Disord	5
Int J Emerg Med	2
Int J Endocrinol	1
Int J Endocrinol Metab	1
Int J Environ Res Public Health	78
Int J Epidemiol	3
Int J Equity Health	4
Int J Evid Based Healthc	1
Int J Food Microbiol	1
Int J Geriatr Psychiatry	3
Int J Gynaecol Obstet	3
Int J Gynecol Cancer	5
Int J Gynecol Pathol	1
Int J Health Econ Manag	1
Int J Health Plann Manage	2
Int J Health Policy Manag	4
Int J Hyg Environ Health	5
Int J Impot Res	2
Int J Infect Dis	4
Int J Lab Hematol	4
Int J Lang Commun Disord	2
Int J Law Psychiatry	1
Int J Legal Med	13
Int J Med Inform	1
Int J Med Robot	5
Int J Methods Psychiatr Res	7
Int J Microbiol	1
Int J Mol Sci	42
Int J Neural Syst	1
Int J Neuropsychopharmacol	2
Int J Neurosci	2
Int J Numer Method Biomed Eng	1
Int J Nurs Pract	1
Int J Obes (Lond)	5
Int J Occup Saf Ergon	3
Int J Ophthalmol	1
Int J Osteoarchaeol	1
Int J Paleopathol	2
Int J Pediatr Otorhinolaryngol	2
Int J Pharm	17
Int J Pharm Pract	1
Int J Pharm X	2
Int J Prison Health	2
Int J Psychiatry Clin Pract	2
Int J Psychoanal	1
Int J Psychophysiol	14
Int J Public Health	21
Int J Qual Health Care	1
Int J Radiat Biol	1
Int J Radiat Oncol Biol Phys	10
Int J Risk Saf Med	1
Int J STD AIDS	1
Int J Soc Psychiatry	2
Int J Speech Lang Pathol	1
Int J Stroke	1
Int J Surg Case Rep	5
Int J Surg Protoc	1
Int J Syst Evol Microbiol	1
Int J Technol Des Educ	1
Int J Tuberc Lung Dis	4
Int J Vitam Nutr Res	1
Int J Womens Health	2
Int Marit Health	1
Int Med Case Rep J	1
Int Migr	1
Int Orthod	1
Int Orthop	5
Int Psychogeriatr	7
Int Rev Cell Mol Biol	1
Int Urogynecol J	1
Int Urol Nephrol	2
Integr Environ Assess Manag	1
Intensive Care Med	21
Intensive Care Med Exp	1
Intensive Crit Care Nurs	3
Interact Cardiovasc Thorac Surg	1
Interdiscip Top Gerontol Geriatr	1
Interface Focus	1
Intern Emerg Med	2
Interv Neuroradiol	1
Invest Educ Enferm	1
Invest Ophthalmol Vis Sci	2
Iperception	1
Ir J Med Sci	1
Iran J Med Sci	1
Iran J Nurs Midwifery Res	1
Isotopes Environ Health Stud	1
Isr Med Assoc J	1
Ital J Pediatr	1
J Abnorm Child Psychol	1
J Abnorm Psychol	1
J Acoust Soc Am	6
J Acquir Immune Defic Syndr	2
J Addict Med	3
J Adolesc Health	1
J Adolesc Young Adult Oncol	1
J Adv Res	1
J Affect Disord	8
J Affect Disord Rep	1
J Aging Health	1
J Aging Soc Policy	1
J Aging Stud	1
J Agric Food Chem	3
J Allergy Clin Immunol	5
J Alzheimers Dis	9
J Alzheimers Dis Rep	1
J Am Acad Child Adolesc Psychiatry	1
J Am Acad Dermatol	1
J Am Chem Soc	45
J Am Coll Cardiol	7
J Am Coll Radiol	1
J Am Geriatr Soc	3
J Am Heart Assoc	16
J Am Med Dir Assoc	5
J Am Med Inform Assoc	1
J Am Soc Cytopathol	1
J Am Soc Mass Spectrom	2
J Am Soc Nephrol	5
J Anal At Spectrom	1
J Anal Toxicol	1
J Antibiot (Tokyo)	3
J Antimicrob Chemother	13
J Appl Crystallogr	2
J Appl Microbiol	1
J Appl Physiol (1985)	2
J Appl Volcanol	1
J Arthroplasty	1
J Assoc Res Otolaryngol	1
J Atten Disord	3
J Autism Dev Disord	5
J Autoimmun	2
J BUON	1
J Bacteriol	1
J Behav Addict	3
J Behav Med	1
J Bioeth Inq	1
J Biol Chem	6
J Biol Regul Homeost Agents	1
J Biomech	4
J Biomed Inform	2
J Biomed Mater Res A	1
J Biomol Struct Dyn	1
J Bone Joint Surg Am	2
J Bone Jt Infect	2
J Bone Miner Res	2
J Breath Res	1
J Burn Care Res	1
J Cachexia Sarcopenia Muscle	2
J Can Assoc Gastroenterol	1
J Cancer Policy	2
J Cancer Res Clin Oncol	2
J Cancer Surviv	1
J Card Surg	3
J Cardiol	1
J Cardiothorac Surg	1
J Cardiothorac Vasc Anesth	4
J Cardiovasc Comput Tomogr	1
J Cardiovasc Electrophysiol	3
J Cardiovasc Med (Hagerstown)	1
J Cataract Refract Surg	7
J Cell Biol	4
J Cell Sci	4
J Cereb Blood Flow Metab	8
J Chem Ecol	1
J Chem Phys	14
J Chem Theory Comput	8
J Cheminform	1
J Child Adolesc Psychopharmacol	4
J Child Adolesc Trauma	1
J Child Fam Stud	2
J Child Lang	9
J Child Orthop	1
J Child Psychol Psychiatry	3
J Chromatogr A	8
J Chromatogr B Analyt Technol Biomed Life Sci	7
J Chromatogr Sci	1
J Clin Anesth	1
J Clin Child Adolesc Psychol	1
J Clin Endocrinol Metab	5
J Clin Epidemiol	6
J Clin Exp Neuropsychol	4
J Clin Gastroenterol	2
J Clin Hypertens (Greenwich)	1
J Clin Immunol	1
J Clin Invest	1
J Clin Lipidol	1
J Clin Med	32
J Clin Microbiol	2
J Clin Monit Comput	7
J Clin Neurosci	2
J Clin Nurs	3
J Clin Oncol	10
J Clin Orthod	2
J Clin Periodontol	8
J Clin Pharm Ther	1
J Clin Pharmacol	1
J Clin Psychiatry	5
J Clin Psychol	1
J Clin Psychopharmacol	3
J Clin Sleep Med	1
J Clin Virol	1
J Cogn	3
J Cogn Dev	1
J Cogn Enhanc	2
J Cogn Neurosci	6
J Colloid Interface Sci	6
J Commun Disord	3
J Comp Econ	1
J Comp Neurol	1
J Comput Assist Tomogr	1
J Comput Neurosci	1
J Comput Soc Sci	1
J Contam Hydrol	1
J Contemp Brachytherapy	1
J Control Release	6
J Cosmet Dermatol	1
J Craniofac Surg	12
J Crit Care	4
J Crohns Colitis	3
J Curr Ophthalmol	1
J Cyst Fibros	2
J Deaf Stud Deaf Educ	1
J Dent	6
J Dent Res	1
J Dent Sci	1
J Dev Biol	1
J Diabetes Complications	1
J Diabetes Res	1
J Digit Imaging	2
J Drug Assess	1
J Dtsch Dermatol Ges	2
J Eat Disord	1
J Electrocardiol	3
J Electromyogr Kinesiol	2
J Emerg Med	1
J Environ Manage	3
J Environ Sci Health A Tox Hazard Subst Environ Eng	2
J Epidemiol Community Health	1
J Ethn Subst Abuse	1
J Ethnopharmacol	3
J Eukaryot Microbiol	4
J Eur Acad Dermatol Venereol	6
J Eur CME	1
J Eval Clin Pract	3
J Evid Based Med	3
J Exp Bot	1
J Exp Child Psychol	13
J Exp Clin Cancer Res	2
J Exp Med	3
J Exp Orthop	5
J Exp Psychol Appl	1
J Exp Psychol Gen	4
J Exp Psychol Hum Percept Perform	8
J Exp Psychol Learn Mem Cogn	6
J Expo Sci Environ Epidemiol	4
J Extracell Vesicles	1
J Fam Issues	1
J Fish Biol	1
J Fixed Point Theory Appl	1
J Foot Ankle Surg	1
J Forensic Leg Med	1
J Fr Ophtalmol	1
J Frailty Aging	1
J Frailty Sarcopenia Falls	1
J Fungi (Basel)	2
J Gen Intern Med	4
J Gen Philos Sci	1
J Gen Psychol	1
J Genet Genomics	1
J Geophys Res Planets	1
J Geophys Res Solid Earth	1
J Gerontol A Biol Sci Med Sci	3
J Gerontol B Psychol Sci Soc Sci	7
J Glaucoma	1
J Glob Health	7
J Grad Med Educ	1
J Gynecol Obstet Hum Reprod	2
J Hand Surg Asian Pac Vol	1
J Hand Surg Eur Vol	1
J Hand Surg Glob Online	4
J Hazard Mater	5
J Heart Lung Transplant	1
J Hematol Oncol	2
J Hepatol	13
J Homosex	1
J Hosp Infect	13
J Hum Evol	1
J Hum Hypertens	1
J Hypertens	2
J Immigr Minor Health	1
J Immunol	8
J Immunol Methods	1
J Immunother	1
J Immunother Cancer	6
J Immunother Precis Oncol	1
J Infect	1
J Infect Dis	7
J Int Bus Stud	1
J Int Med Res	1
J Int Migr Integr	1
J Int Neuropsychol Soc	2
J Intell	9
J Intellect Disabil	1
J Intellect Disabil Res	3
J Intensive Care Med	1
J Intensive Care Soc	1
J Intensive Med	1
J Intern Med	2
J Interprof Care	1
J Invertebr Pathol	1
J Invest Dermatol	1
J Investig Allergol Clin Immunol	1
J Kidney Cancer VHL	1
J Knee Surg	1
J Lab Autom	1
J Lasers Med Sci	1
J Law Biosci	1
J Leukoc Biol	2
J Lipid Res	2
J Magn Reson	5
J Mal Vasc	1
J Manage	1
J Marital Fam Ther	2
J Mass Spectrom	1
J Mater Chem C Mater	1
J Mater Sci	1
J Matern Fetal Neonatal Med	3
J Med Case Rep	3
J Med Chem	1
J Med Ethics	2
J Med Genet	2
J Med Imaging (Bellingham)	2
J Med Imaging Radiat Sci	1
J Med Internet Res	6
J Med Microbiol	1
J Med Signals Sens	1
J Med Vasc	2
J Migr Health	1
J Minim Invasive Gynecol	2
J Mol Biol	2
J Mol Cell Cardiol	2
J Mol Endocrinol	1
J Mol Med (Berl)	1
J Mol Model	1
J Nanobiotechnology	2
J Nat Prod	10
J Natl Cancer Inst	1
J Nephrol	2
J Nerv Ment Dis	3
J Neural Eng	1
J Neural Transm (Vienna)	1
J Neurochem	4
J Neurodev Disord	1
J Neuroeng Rehabil	4
J Neuroimaging	1
J Neuroimmunol	1
J Neuroinflammation	1
J Neurointerv Surg	7
J Neurol	6
J Neurol Neurosurg Psychiatry	8
J Neurol Sci	2
J Neurol Surg A Cent Eur Neurosurg	3
J Neurol Surg B Skull Base	1
J Neuromuscul Dis	1
J Neurooncol	1
J Neuropathol Exp Neurol	1
J Neurophysiol	8
J Neuropsychol	5
J Neuroradiol	1
J Neurosci	7
J Neurosci Methods	1
J Neurosci Res	4
J Neurosurg	5
J Neurosurg Anesthesiol	2
J Neurosurg Pediatr	1
J Neurosurg Sci	4
J Neurosurg Spine	2
J Neurotrauma	3
J Nucl Cardiol	2
J Nucl Med	4
J Nucl Med Technol	1
J Nurs Manag	1
J Nurs Meas	1
J Nutr	2
J Nutr Biochem	1
J Nutr Health Aging	2
J Occup Med Toxicol	1
J Occup Rehabil	1
J Oncol Pharm Pract	2
J Ophthalmic Vis Res	2
J Oral Rehabil	2
J Oral Sci	1
J Org Chem	3
J Orthop	3
J Orthop Sci	1
J Orthop Surg Res	1
J Orthop Trauma	1
J Otolaryngol Head Neck Surg	1
J Paediatr Child Health	1
J Pain Res	1
J Pain Symptom Manage	2
J Palliat Med	2
J Parkinsons Dis	1
J Pathol	1
J Pathol Clin Res	1
J Pathol Inform	1
J Patient Saf	3
J Pediatr	3
J Pediatr Endocrinol Metab	3
J Pediatr Gastroenterol Nutr	5
J Pediatr Genet	1
J Pediatr Surg	1
J Pediatr X	1
J Perianesth Nurs	1
J Perinatol	1
J Periodontal Implant Sci	2
J Periodontal Res	1
J Periodontol	5
J Peripher Nerv Syst	2
J Pers Assess	1
J Pers Disord	1
J Pers Med	7
J Pharm Biomed Anal	16
J Pharm Policy Pract	1
J Pharm Sci	2
J Photochem Photobiol B	1
J Phys Chem A	7
J Phys Chem B	20
J Phys Chem C Nanomater Interfaces	2
J Phys Chem Lett	17
J Phys Condens Matter	5
J Physiol	2
J Plant Physiol	2
J Prosthet Dent	8
J Prosthodont	3
J Proteome Res	4
J Proteomics	3
J Psychiatr Pract	2
J Psychiatr Res	8
J Psychiatry Neurosci	2
J Psycholinguist Res	1
J Psychopharmacol	1
J Psychosoc Oncol	1
J Public Health (Oxf)	2
J Public Health Policy	6
J Public Health Res	1
J R Soc Interface	1
J Radiol Prot	1
J Rehabil Med	1
J Rheumatol	5
J Rheumatol Suppl	1
J Robot Surg	2
J Sched	1
J Sci Med Sport	2
J Sep Sci	2
J Sex Marital Ther	1
J Sex Med	1
J Sex Res	1
J Shoulder Elbow Surg	8
J Sleep Res	1
J Soc Psychol	1
J Speech Lang Hear Res	7
J Sports Sci	1
J Sports Sci Med	1
J Stat Phys	1
J Steroid Biochem Mol Biol	1
J Stomatol Oral Maxillofac Surg	3
J Strength Cond Res	1
J Stroke	2
J Stroke Cerebrovasc Dis	1
J Struct Biol	1
J Stud Alcohol Drugs	2
J Surg Case Rep	1
J Surg Oncol	1
J Theor Biol	3
J Thorac Cardiovasc Surg	4
J Thorac Dis	9
J Thorac Oncol	3
J Thromb Haemost	13
J Thromb Thrombolysis	1
J Tissue Viability	2
J Transl Med	2
J Trauma Stress	1
J Travel Med	4
J Ultrason	1
J Ultrasound	1
J Urban Health	3
J Vasc Access	1
J Vasc Interv Radiol	2
J Vasc Res	1
J Vasc Surg	1
J Venom Anim Toxins Incl Trop Dis	1
J Vet Pharmacol Ther	1
J Viral Hepat	2
J Virol	6
J Virus Erad	2
J Vis	7
J Vis Exp	10
J Voice	2
J Water Health	1
J Wound Care	2
J Wrist Surg	1
J Youth Adolesc	2
JAC Antimicrob Resist	1
JACC Basic Transl Sci	1
JACC CardioOncol	1
JACC Cardiovasc Imaging	1
JACC Cardiovasc Interv	12
JACC Case Rep	5
JACC Clin Electrophysiol	3
JACS Au	4
JAMA	5
JAMA Cardiol	2
JAMA Dermatol	1
JAMA Intern Med	4
JAMA Netw Open	13
JAMA Neurol	5
JAMA Oncol	2
JAMA Otolaryngol Head Neck Surg	1
JAMA Psychiatry	1
JAMA Surg	3
JBI Database System Rev Implement Rep	1
JBI Evid Synth	1
JBRA Assist Reprod	1
JCI Insight	3
JCO Clin Cancer Inform	1
JCO Glob Oncol	1
JCO Precis Oncol	2
JHEP Rep	3
JMIR Form Res	3
JMIR Hum Factors	1
JMIR Med Educ	1
JMIR Med Inform	6
JMIR Ment Health	1
JMIR Mhealth Uhealth	2
JMIR Public Health Surveill	2
JMIR Res Protoc	4
JPGN Rep	1
JSES Int	1
JSES Open Access	1
JSES Rev Rep Tech	1
JTCVS Tech	1
JTO Clin Res Rep	1
Joint Bone Spine	2
Kidney Blood Press Res	1
Kidney Int	5
Kidney Int Rep	3
Knee Surg Sports Traumatol Arthrosc	19
Korean J Orthod	1
Lab Chip	1
Lab Invest	1
Lakartidningen	1
Lancet	36
Lancet Child Adolesc Health	1
Lancet Diabetes Endocrinol	4
Lancet Gastroenterol Hepatol	1
Lancet Glob Health	8
Lancet HIV	2
Lancet Haematol	4
Lancet Healthy Longev	4
Lancet Infect Dis	14
Lancet Microbe	1
Lancet Neurol	6
Lancet Oncol	8
Lancet Planet Health	3
Lancet Psychiatry	2
Lancet Public Health	4
Lancet Reg Health Am	1
Lancet Reg Health Eur	6
Lancet Reg Health Southeast Asia	1
Lancet Reg Health West Pac	1
Lancet Respir Med	4
Lang Speech	2
Langenbecks Arch Surg	2
Langmuir	20
Laryngorhinootologie	1
Laryngoscope	6
Lasers Surg Med	1
Laterality	4
Learn Mem	1
Leg Med (Tokyo)	1
Lett Appl Microbiol	1
Leukemia	5
Life (Basel)	2
Life Sci Alliance	3
Lipids Health Dis	1
Liver Int	9
Liver Transpl	1
Living Rev Relativ	1
Lung Cancer Manag	1
Lupus	3
MAGMA	2
MAbs	3
Mach Learn	1
Macromol Rapid Commun	1
Magn Reson Chem	8
Magn Reson Imaging	1
Magn Reson Med	11
Malar J	4
Mar Drugs	1
Mar Environ Res	2
Mar Pollut Bull	8
Mass Spectrom Rev	1
Mater Adv	1
Materials (Basel)	4
Matern Child Nutr	1
Matrix Biol	1
Maturitas	5
Mayo Clin Proc	1
Mayo Clin Proc Innov Qual Outcomes	1
Mech Dev	2
Med	1
Med Anthropol Q	1
Med Clin North Am	1
Med Confl Surviv	1
Med Dosim	1
Med Health Care Philos	3
Med Hypotheses	2
Med Hypothesis Discov Innov Ophthalmol	1
Med Image Anal	6
Med Image Comput Comput Assist Interv	2
Med J Aust	1
Med Mal Infect	2
Med Mycol	1
Med Phys	1
Med Sante Trop	4
Med Sci (Basel)	2
Med Sci (Paris)	10
Med Sci Sports Exerc	1
Med Teach	1
Med Trop Sante Int	1
Medchemcomm	1
Mediastinum	2
Medicina (Kaunas)	2
Medicine (Baltimore)	10
Medicines (Basel)	1
Melanoma Res	1
Mem Cognit	6
Memory	8
Menopause	1
Metab Syndr Relat Disord	1
Metabolism	3
Metabolites	5
Metabolomics	3
Metallomics	1
Methods	3
Methods Cell Biol	4
Methods Enzymol	3
Methods Mol Biol	28
Methods Protoc	1
MethodsX	5
Microb Ecol	2
Microb Ecol Health Dis	1
Microb Pathog	1
Microbes Infect	2
Microbiology (Reading)	1
Micromachines (Basel)	1
Microorganisms	8
Microsc Res Tech	1
Middle East Afr J Ophthalmol	1
Midwifery	2
Mikrochim Acta	1
Minerva Anestesiol	2
Minerva Cardioangiol	1
Minerva Chir	1
Minerva Ginecol	1
Minerva Stomatol	1
Minerva Urol Nephrol	1
Mitochondrial DNA A DNA Mapp Seq Anal	1
Mol Biol Cell	4
Mol Biol Evol	3
Mol Cell	6
Mol Cell Biol	3
Mol Cell Endocrinol	1
Mol Cell Proteomics	3
Mol Cytogenet	1
Mol Diagn Ther	2
Mol Ecol	13
Mol Ecol Resour	3
Mol Genet Genomic Med	1
Mol Genet Genomics	1
Mol Genet Metab	2
Mol Genet Metab Rep	2
Mol Imaging Biol	1
Mol Immunol	1
Mol Metab	3
Mol Microbiol	3
Mol Neurobiol	4
Mol Pharm	5
Mol Phylogenet Evol	6
Mol Plant	1
Mol Psychiatry	8
Mol Ther	2
Mol Ther Methods Clin Dev	1
Molecules	20
Mon Not R Astron Soc	1
Mov Disord	5
Mov Disord Clin Pract	2
Mult Scler	3
Mult Scler Relat Disord	1
Multidiscip Respir Med	1
Multimed Man Cardiothorac Surg	10
Multivariate Behav Res	1
Mycoses	1
N Engl J Med	10
NMR Biomed	6
NPJ Aging Mech Dis	1
NPJ Biofilms Microbiomes	1
NPJ Digit Med	3
NPJ Genom Med	1
NPJ Prim Care Respir Med	1
NPJ Sci Learn	1
NPJ Vaccines	1
Nano Lett	27
Nanomaterials (Basel)	3
Nanomedicine	6
Nanomedicine (Lond)	1
Nanoscale	20
Nanoscale Adv	1
Nanoscale Horiz	2
Nanoscale Res Lett	1
Nanotechnology	3
Nanotoxicology	1
Nat Biomed Eng	1
Nat Biotechnol	4
Nat Cancer	2
Nat Cell Biol	4
Nat Chem	2
Nat Chem Biol	1
Nat Commun	125
Nat Ecol Evol	6
Nat Genet	14
Nat Geosci	2
Nat Hum Behav	16
Nat Immunol	1
Nat Mater	10
Nat Med	5
Nat Metab	5
Nat Methods	7
Nat Microbiol	2
Nat Nanotechnol	15
Nat Neurosci	7
Nat Phys	2
Nat Plants	2
Nat Prod Rep	2
Nat Prod Res	2
Nat Protoc	1
Nat Rev Cancer	1
Nat Rev Clin Oncol	3
Nat Rev Dis Primers	2
Nat Rev Drug Discov	4
Nat Rev Endocrinol	1
Nat Rev Genet	2
Nat Rev Immunol	1
Nat Rev Methods Primers	1
Nat Rev Microbiol	2
Nat Rev Mol Cell Biol	2
Nat Rev Neurol	2
Nat Rev Neurosci	1
Nat Sci Sleep	1
Nat Struct Mol Biol	4
Natl Sci Rev	1
Nature	60
Nephrol Dial Transplant	10
Nephrol Ther	1
Nephrology (Carlton)	2
Nervenarzt	1
Netw Neurosci	1
Neural Comput	1
Neural Comput Appl	1
Neural Plast	2
Neural Regen Res	1
Neuro Oncol	2
Neurobiol Aging	4
Neurobiol Dis	1
Neurobiol Lang (Camb)	1
Neurobiol Learn Mem	4
Neurocase	2
Neurochem Int	1
Neurochem Res	1
Neurochirurgie	2
Neurocrit Care	1
Neurohospitalist	1
Neuroimage	40
Neuroimage Clin	10
Neurol Neurochir Pol	1
Neurol Neuroimmunol Neuroinflamm	2
Neurol Sci	1
Neurol Ther	2
Neurology	16
Neuromodulation	1
Neuromolecular Med	3
Neuron	13
Neurooncol Pract	1
Neuropediatrics	1
Neuropharmacology	4
Neurophysiol Clin	1
Neuropsychol Dev Cogn B Aging Neuropsychol Cogn	4
Neuropsychol Rehabil	2
Neuropsychol Rev	2
Neuropsychologia	23
Neuropsychopharmacology	5
Neuroradiology	5
Neurorehabil Neural Repair	1
Neuroreport	3
Neurosci Biobehav Rev	10
Neurosci Conscious	3
Neurosci Lett	6
Neuroscience	2
Neuroscientist	1
Neurosurg Focus	3
Neurosurg Rev	10
Neurosurgery	5
Neurotherapeutics	1
Neurotox Res	1
Neurourol Urodyn	1
New Microbes New Infect	3
New Phytol	5
Nonlinear Dyn	1
Nord J Psychiatry	1
Nucl Instrum Methods Phys Res A	1
Nucl Med Commun	1
Nucleic Acids Res	19
Nuklearmedizin	1
Numer Algorithms	2
Nurs Ethics	1
Nurse Educ Pract	1
Nurse Educ Today	1
Nutr Diabetes	3
Nutr Metab Cardiovasc Dis	1
Nutrients	12
Nutrition	4
ORL J Otorhinolaryngol Relat Spec	1
Obes Facts	7
Obes Rev	11
Obes Surg	3
Obesity (Silver Spring)	1
Ocul Oncol Pathol	1
Ocul Surf	3
Odontology	1
Oncoimmunology	2
Oncol Nurs Forum	1
Oncol Rep	1
Oncol Res Treat	1
Oncol Rev	1
Oncologist	2
Oncology	3
Oncoscience	1
Oncotarget	11
Open Access J Contracept	1
Open Forum Infect Dis	9
Open Heart	7
Open Ophthalmol J	2
Open Res Eur	1
Oper Neurosurg (Hagerstown)	1
Ophthalmic Genet	1
Ophthalmic Physiol Opt	2
Ophthalmol Ther	2
Ophthalmology	2
Oral Dis	1
Org Biomol Chem	8
Org Lett	8
Orig Life Evol Biosph	1
Orphanet J Rare Dis	3
Orthod Craniofac Res	2
Orthod Fr	1
Orthop Clin North Am	1
Orthop J Sports Med	5
Orthop Traumatol Surg Res	24
Osteoporos Int	9
Otol Neurotol	1
Otolaryngol Head Neck Surg	1
PLOS Digit Health	1
PLOS Glob Public Health	2
PLoS Biol	6
PLoS Comput Biol	10
PLoS Genet	6
PLoS Med	6
PLoS Negl Trop Dis	20
PLoS One	163
PLoS Pathog	4
PM R	1
Paediatr Anaesth	6
Paediatr Child Health	1
Pain	4
Pain Manag Nurs	2
Pain Rep	1
Pan Afr Med J	2
Pancreas	2
Parasit Vectors	3
Parasite Immunol	1
Parasitol Res	2
Parkinsonism Relat Disord	2
Part Fibre Toxicol	1
Party Politics	2
Pathogens	5
Patient Educ Couns	8
Patient Prefer Adherence	1
Pediatr Allergy Immunol	1
Pediatr Blood Cancer	5
Pediatr Cardiol	1
Pediatr Crit Care Med	3
Pediatr Diabetes	1
Pediatr Hematol Oncol	1
Pediatr Infect Dis J	5
Pediatr Nephrol	1
Pediatr Pulmonol	1
Pediatr Radiol	7
Pediatr Res	4
Pediatr Rev	1
Pediatr Rheumatol Online J	2
Pediatr Transplant	2
Pediatrics	3
PeerJ	6
Per Med	2
Perception	1
Periodontol 2000	1
Perit Dial Int	1
Pers Soc Psychol Bull	2
Persoonia	2
Perspect Psychol Sci	1
Pflugers Arch	1
Phage (New Rochelle)	1
Pharm Pract (Granada)	2
Pharmaceuticals (Basel)	3
Pharmaceutics	10
Pharmacoepidemiol Drug Saf	1
Pharmacogenet Genomics	2
Pharmacogenomics	3
Pharmacogenomics J	2
Pharmacol Biochem Behav	1
Pharmacol Res	5
Pharmacol Rev	1
Pharmacol Ther	1
Pharmacopsychiatry	2
Pharmacy (Basel)	6
Phenomics	1
Philos Ethics Humanit Med	1
Philos Stud	1
Philos Trans A Math Phys Eng Sci	7
Philos Trans R Soc Lond B Biol Sci	1
Phlebology	2
Photochem Photobiol	3
Photochem Photobiol Sci	3
Photodermatol Photoimmunol Photomed	1
Photosynth Res	4
Phys Chem Chem Phys	35
Phys Imaging Radiat Oncol	1
Phys Life Rev	3
Phys Med	16
Phys Med Biol	1
Phys Rev A (Coll Park)	1
Phys Rev E	28
Phys Rev E Stat Nonlin Soft Matter Phys	5
Phys Rev Lett	299
Phys Ther	2
Physiol Meas	1
Physiother Theory Pract	2
PhytoKeys	1
Phytochem Anal	2
Phytochemistry	1
Phytomedicine	3
Phytother Res	1
Pilot Feasibility Stud	3
Placenta	1
Plan Theory	1
Plant Cell	2
Plant Cell Physiol	1
Plant J	3
Plant Physiol	9
Plant Physiol Biochem	4
Planta Med	3
Plants (Basel)	6
Plast Reconstr Surg	2
Pol Arch Intern Med	1
Polym Chem	1
Polymers (Basel)	1
Popul Space Place	1
Praxis (Bern 1994)	16
Prehosp Disaster Med	2
Prenat Diagn	2
Presse Med	2
Prev Med	5
Prev Med Rep	4
Prim Care Diabetes	2
Prim Health Care Res Dev	2
Probab Theory Relat Fields	2
Proc Biol Sci	2
Proc Natl Acad Sci U S A	50
Proc SPIE Int Soc Opt Eng	1
Prog Cardiovasc Dis	2
Prog Neurobiol	2
Prog Neuropsychopharmacol Biol Psychiatry	3
Prog Nucl Magn Reson Spectrosc	1
Prog Urol	4
Prospects (Paris)	1
Prostate	2
Prostate Cancer Prostatic Dis	2
Protein Expr Purif	1
Proteomics	2
Proteomics Clin Appl	2
Protist	3
Psych J	1
Psychiatr Genet	1
Psychiatr Serv	1
Psychiatry Res	12
Psychiatry Res Neuroimaging	1
Psychol Aging	5
Psychol Assess	2
Psychol Belg	3
Psychol Bull	4
Psychol Health	4
Psychol Health Med	3
Psychol Med	6
Psychol Methods	1
Psychol Music	2
Psychol Rep	2
Psychol Res	6
Psychol Rev	1
Psychol Sci	7
Psychol Sport Exerc	1
Psychol Trauma	1
Psychol Women Q	1
Psychon Bull Rev	11
Psychoneuroendocrinology	6
Psychooncology	1
Psychopathology	1
Psychopharmacology (Berl)	1
Psychophysiology	13
Psychother Psychosom	2
Publ Astron Soc Jpn Nihon Tenmon Gakkai	1
Public Health Ethics	1
Public Health Genomics	1
Public Health Rev	5
Public Underst Sci	2
Pulm Circ	2
Pulmonology	1
Q J Exp Psychol (Hove)	10
Q J Nucl Med Mol Imaging	2
Qual Life Res	3
Qual User Exp	1
Quant Imaging Med Surg	1
R Soc Open Sci	8
RMD Open	3
RNA	4
RNA Biol	1
RSC Adv	4
RSC Chem Biol	1
Radiat Oncol	2
Radiat Prot Dosimetry	1
Radiat Res	1
Radiography (Lond)	1
Radiol Artif Intell	1
Radiol Bras	6
Radiol Case Rep	3
Radiol Med	2
Radiology	4
Radiother Oncol	4
Rare Tumors	1
Recenti Prog Med	1
Rech Soins Infirm	1
Redox Biol	2
Reeduc Orthoph	1
Regen Med	1
Regul Toxicol Pharmacol	3
Rep Prog Phys	3
Reprod Biol Endocrinol	2
Reprod Biomed Online	2
Reprod Health	4
Res Aging	1
Res Dev Disabil	2
Res Pract Thromb Haemost	4
Res Social Adm Pharm	4
Res Synth Methods	3
Res Vet Sci	1
Respir Care	4
Respir Med	4
Respir Med Res	1
Respir Res	2
Respiration	2
Respirol Case Rep	1
Restor Dent Endod	1
Resuscitation	7
Retina	2
Retrovirology	1
Rev Environ Health	1
Rev Esp Cardiol (Engl Ed)	3
Rev Esp Sanid Penit	1
Rev Infirm	1
Rev Int Organ	1
Rev Mal Respir	5
Rev Med Chil	1
Rev Med Interne	4
Rev Med Liege	1
Rev Med Suisse	652
Rev Neurol (Paris)	1
Rev Peru Med Exp Salud Publica	1
Rev Pneumol Clin	1
Rev Prat	5
Rev Sci Instrum	9
Rev Soc Bras Med Trop	1
Rev Stomatol Chir Maxillofac Chir Orale	1
Rheum Dis Clin North Am	1
Rheumatol Int	3
Rheumatol Ther	1
Rheumatology (Oxford)	7
Rhinology	9
Risk Anal	1
S Afr J Physiother	1
S Afr Med J	1
SAGE Open Med	1
SN Soc Sci	1
SSM Popul Health	4
Saf Health Work	4
Salud Publica Mex	2
Sankhya B (2008)	1
Sante Ment Que	2
Sante Publique	1
Sarcoma	1
Saudi J Anaesth	2
Saudi J Gastroenterol	1
Scand J Gastroenterol	1
Scand J Psychol	2
Scand J Public Health	1
Scand J Rheumatol	3
Scand J Trauma Resusc Emerg Med	1
Schizophr Bull	8
Schizophr Res	8
Schizophr Res Cogn	3
Schweiz Z Polit	1
Sci Adv	21
Sci Bull (Beijing)	4
Sci Data	22
Sci Eng Ethics	2
Sci Justice	1
Sci Rep	237
Sci Signal	2
Sci Technol Adv Mater	1
Sci Total Environ	68
Sci Transl Med	3
Science	23
Scoliosis Spinal Disord	1
Seizure	2
Semin Arthritis Rheum	2
Semin Cancer Biol	1
Semin Cell Dev Biol	1
Semin Fetal Neonatal Med	1
Semin Liver Dis	1
Semin Musculoskelet Radiol	4
Semin Oncol	1
Semin Ophthalmol	1
Semin Respir Crit Care Med	1
Semin Thorac Cardiovasc Surg	1
Semin Thromb Hemost	4
Sensors (Basel)	7
Sex Abuse	1
Sex Disabil	1
Sex Med	1
Sex Roles	1
Shoulder Elbow	1
Simul Healthc	1
Skin Res Technol	1
Sleep	1
Sleep Med	1
Small	6
Soc Cogn Affect Neurosci	5
Soc Justice Res	1
Soc Media Soc	1
Soc Neurosci	3
Soc Psychol Educ	1
Soc Sci Med	10
Soc Sci Res	2
Sociol Health Illn	3
Sociol Methodol	1
Soft Matter	13
Soins	4
Soins Pediatr Pueric	2
Soins Psychiatr	2
Sophia	1
South Med J	1
Space Sci Rev	1
Span J Psychol	4
Spectrochim Acta A Mol Biomol Spectrosc	1
Spine J	1
Sports (Basel)	1
Sports Med Health Sci	1
Springerplus	1
Stat Comput	1
Stat Med	1
Stat Methods Med Res	1
Stem Cell Res	1
Stem Cell Rev Rep	1
Stem Cells Dev	1
Stem Cells Transl Med	1
Stereotact Funct Neurosurg	1
Strahlenther Onkol	3
Stroke	8
Stroke Vasc Neurol	1
Struct Dyn	5
Stud Fam Plann	1
Stud Health Technol Inform	20
Stud Hist Philos Sci	7
Subst Abus	1
Subst Use Misuse	1
Support Care Cancer	3
Surg Endosc	4
Surg Infect (Larchmt)	2
Surg Laparosc Endosc Percutan Tech	1
Surg Obes Relat Dis	1
Surgery	2
Surv Ophthalmol	1
Sustain Water Resour Manag	1
Swiss J Geosci	2
Swiss J Palaeontol	1
Swiss Med Wkly	70
Synthese	8
Syst Parasitol	3
Syst Rev	2
TH Open	3
Talanta	9
Target Oncol	1
Tech Coloproctol	4
Tech Hand Up Extrem Surg	1
Technol Cancer Res Treat	2
Tectonics	1
The EBMT Handbook: Hematopoietic Stem Cell Transplantation and Cellular Therapies	2
Ther Adv Chronic Dis	1
Ther Adv Drug Saf	1
Ther Adv Gastrointest Endosc	1
Ther Adv Med Oncol	4
Ther Adv Vaccines	1
Ther Clin Risk Manag	1
Ther Drug Monit	3
Ther Hypothermia Temp Manag	1
Ther Umsch	6
Theranostics	1
Therap Adv Gastroenterol	1
Therapie	3
Thorac Cancer	2
Thromb Haemost	4
Thromb J	1
Thromb Res	11
Tissue Barriers	1
Tissue Eng Part A	1
Tob Control	1
Top Curr Chem	1
Toxicol Appl Pharmacol	1
Toxicol In Vitro	1
Toxicology	1
Toxicon X	5
Toxins (Basel)	2
Traffic	2
Trans R Soc Trop Med Hyg	1
Transcult Psychiatry	1
Transfus Clin Biol	3
Transfus Med Hemother	3
Transfusion	2
Transgenic Res	1
Transl Androl Urol	1
Transl Cancer Res	2
Transl Lung Cancer Res	8
Transl Oncol	7
Transl Psychiatry	13
Transl Stroke Res	2
Transl Vis Sci Technol	5
Transp Res D Transp Environ	1
Transpl Immunol	1
Transpl Infect Dis	2
Transpl Int	4
Transplant Direct	1
Transplantation	3
Travel Med Infect Dis	7
Tree Physiol	2
Trends Cell Biol	3
Trends Cogn Sci	4
Trends Ecol Evol	2
Trends Microbiol	1
Trends Mol Med	2
Trends Neurosci	1
Trials	8
Trop Med Infect Dis	2
Trop Med Int Health	1
Tuberculosis (Edinb)	1
Turk Kardiyol Dern Ars	2
Ultramicroscopy	1
Ultraschall Med	2
Ultrason Imaging	1
Ultrasound Med Biol	2
Ultrasound Obstet Gynecol	3
Ultrastruct Pathol	1
Updates Surg	2
Urol Oncol	3
Urolithiasis	1
Urology	3
Vaccine	16
Vaccines (Basel)	7
Value Health	3
Value Health Reg Issues	2
Vascul Pharmacol	2
Vascular	1
Vet Ophthalmol	1
Vet Sci	1
VideoEndocrinology	1
Vietnam J Math	1
Virchows Arch	4
Virology	2
Virulence	1
Virus Res	1
Viruses	7
Vis Comput	2
Vis cogn	1
Vision (Basel)	1
Vision Res	6
Vox Sang	2
Waste Manag	2
Water Environ Res	1
Water Res	7
Wellcome Open Res	2
West J Emerg Med	1
Wilderness Environ Med	5
Wiley Interdiscip Rev Cogn Sci	1
Womens Health (Lond)	1
Work	1
Workplace Health Saf	1
World Allergy Organ J	1
World J Biol Psychiatry	2
World J Clin Cases	1
World J Clin Oncol	2
World J Emerg Surg	5
World J Gastroenterol	6
World J Gastrointest Oncol	2
World J Gastrointest Surg	1
World J Surg	1
World J Surg Oncol	1
World J Urol	3
World Neurosurg	11
World Psychiatry	1
Xenotransplantation	2
Yale J Biol Med	1
Z Evid Fortbild Qual Gesundhwes	1
Z Literaturwissenschaft Linguist	1
Z Med Phys	2
Zookeys	2
Zootaxa	3
Zygote	3
bioRxiv	1
eNeuro	4
iScience	6
mBio	5
mSphere	1
medRxiv	5
